cement,blast_furnace_slag,fly_ash,water,superplasticizer,coarse_aggregate,fine_aggregate ,age,water_cement_ratio,concrete_compressive_strength
-1.0279822513851522,-0.23876246234870444,1.8316199569187164,-0.815366281794389,0.10932691744874097,0.41324944501999716,0.2687103333065974,-0.49836540835172977,0.6359395567189179,
1.352987275376588,-0.5695559948022592,1.189244868677302,-0.6666659989782358,0.518079523356686,-1.9168117147100479,-0.2733444725803504,-0.28591271041175587,-1.1274099355985563,
1.8377355622622116,-0.8285402550861809,-0.8539722794640632,-0.9454790292585241,0.6202676748336722,0.8914053181893542,-1.3699151143746355,-0.28591271041175587,-1.3031423783898013,
-1.2427922765540755,-0.8285402550861809,1.9926007019237937,-0.7317223727103033,0.9779262050031239,0.22350505090517273,0.003290393872299383,-0.28591271041175587,1.127034590255945,
0.4177082277384435,1.130322513606755,-0.8539722794640632,-0.38785296869794733,0.518079523356686,-1.1628939887604783,0.22509672823523377,-0.28591271041175587,-0.6873234554338177,
2.0753572715198705,-0.8285402550861809,-0.8539722794640632,0.8203368291833024,-0.9977113902186099,1.9160250464094064,-1.9805055853737261,-0.6956429135817055,-1.1153907980426394,
0.38349070160534043,-0.8285402550861809,0.9415821840541064,0.6344614756631102,0.7054244677311606,-1.9674102198073342,0.5117004187041947,-0.28591271041175587,-0.4506802340806374,
1.0288712639491413,1.396369980989329,-0.8539722794640632,-1.6936273271772977,2.7491874972708854,-0.3647025708507831,-0.20107049846209127,-0.6652925281617093,-1.19757037950024,
1.0013071456752531,-0.5931000184644338,0.6010459926972123,-1.1778232211587645,1.437772886649562,-0.4494550668887386,0.910453379356662,0.13899268546819193,-1.0972844487012974,
0.46903451693809756,-0.8285402550861809,-0.8539722794640632,0.4485861221429179,-0.9977113902186099,-1.1957830170737147,0.6612327789488699,-0.6652925281617093,-0.5418854851781427,
1.5620943795233275,-0.5460119711400844,0.36886222586296613,-0.9454790292585241,0.9779262050031239,-0.08261590493341131,-0.7468636133551554,-0.28591271041175587,-1.2325100173655408,
2.0753572715198705,-0.8285402550861809,-0.8539722794640632,0.8203368291833024,-0.9977113902186099,1.9160250464094064,-1.9805055853737261,-0.49836540835172977,-1.1153907980426394,
0.5346181086932111,1.396369980989329,-0.8539722794640632,-0.3460310141559038,0.6202676748336722,-0.3647025708507831,-0.20107049846209127,0.6701244303181266,-0.7407984940618332,
-0.776103239572034,0.7371373184484372,-0.8539722794640632,0.4485861221429179,-0.9977113902186099,-0.10285530697232621,0.42696541456554593,-0.28591271041175587,0.6682492152553989,
-0.6458865428988372,-0.8285402550861809,1.8501946582654558,-1.2800546655948697,0.739487184890156,1.0115767677954097,0.05562671995793487,0.8067011647081099,-0.08221740976618332,
0.7057057393587254,-0.8285402550861809,1.3378424794512196,0.508995612036981,0.8757380535261376,-2.177394015961074,0.08054877999871408,-0.28591271041175587,-0.6595112257440296,
-0.8521421865344848,2.5617991522669774,-0.8539722794640632,0.4485861221429179,-0.9977113902186099,-0.5531820023381766,-0.6957733902715577,-0.6045917573217168,0.795652073348116,
0.8967535936018832,-0.8285402550861809,-0.8539722794640632,1.4987818695320039,-0.9977113902186099,0.3790954540793282,-0.11882770032751959,-0.6652925281617093,-0.571556789428781,
-0.2818500843161039,-0.8285402550861809,-0.8539722794640632,0.12330425348258142,-0.9977113902186099,1.7389302785689036,0.15033054811289615,-0.28591271041175587,-0.05117247945069773,
-0.8683004627640054,-0.8285402550861809,1.0839882277124442,-0.9501259130965287,0.688393109151663,1.449253836886937,0.3821057064921431,0.13899268546819193,0.32031823600797377,
-1.3340390129090165,1.6671262531043383,-0.8539722794640632,0.9829777635134707,-0.9977113902186099,-0.021897698816668063,-0.2920360176109348,-0.28591271041175587,2.1977146659466653,
-1.0717046458885613,-0.3317613558142945,1.0700572017023893,-1.1174137312647014,0.8416753363671424,1.3569115650843897,0.3023551143616499,0.13899268546819193,0.5957600816691938,
-0.4339279782410055,-0.8285402550861809,-0.8539722794640632,0.541523798903014,-0.9977113902186099,-0.06996627865908969,1.4088945801722461,-0.28591271041175587,0.22881732335933275,
1.3624921437468942,0.42282460255840487,-0.8539722794640632,-1.3404641554889327,1.8124627753985114,-1.5360579638529663,1.4350627432150647,0.6701244303181266,-1.2390465132502766,
-0.04422837505844521,0.5487851291510396,0.554609239330363,0.4021172837628698,0.1944837103462295,-0.34825805669416554,-1.3200709942930773,-0.28591271041175587,-0.19321487574697996,
-0.5784019774696618,0.9042998864498776,-0.8539722794640632,0.15583244034861454,-0.9977113902186099,1.030551207206892,-0.3443723436965717,-0.28591271041175587,0.28932957345518473,
0.2694322811616643,-0.8285402550861809,-0.8539722794640632,0.4485861221429179,-0.9977113902186099,-0.04466702611044642,0.9727585294586101,2.0207165815079606,-0.4167299633406427,
-0.15828679550212138,0.4781530581645155,0.47721465038561434,0.5879926372830621,0.02417012455125245,-1.7776658256925097,0.22509672823523377,-0.28591271041175587,-0.045687555566053195,
-1.7075803398620562,0.9725775550701844,-0.8539722794640632,0.4485861221429179,-0.9977113902186099,-1.0945860068791418,2.119173291334454,-0.6045917573217168,3.6060092371580494,
-1.3083758683091895,-0.8285402550861809,1.8548383336021408,-1.1313543827787165,2.067933154090977,-0.3862069355171305,0.8979923493362724,-0.28591271041175587,1.105311797879026,
-1.2228320529764323,0.3722049516847293,-0.8539722794640632,0.4485861221429179,-0.9977113902186099,-1.0819363806048201,2.1328804243568826,-0.6045917573217168,1.6075330317820973,
-0.01571376994752616,0.6900492711240879,0.6939194994309107,-0.48079064545804345,0.5351108819361836,-1.878862835887083,0.41201217854107786,-0.28591271041175587,-0.4328754868316552,
-0.8264790419346577,-0.8285402550861809,0.7016589583253855,-0.7781912110903514,0.27964050324371803,0.4157793702748606,1.6693301075983886,0.8067011647081099,0.31960903656099937,
-0.9471908702375482,-0.29644532032103244,1.0344556907878049,-0.5644345545421305,0.3988600133002018,1.0862095628139086,0.10920914904561102,0.8067011647081099,0.5891474407253056,
0.9347730670831086,0.2898008688671178,-0.8539722794640632,2.121464303824648,-0.9977113902186099,-0.5253528245346684,-2.2172651557611287,-0.6045917573217168,-0.47837650757905437,
0.46903451693809756,-0.8285402550861809,-0.8539722794640632,0.4485861221429179,-0.9977113902186099,0.6510624189772433,0.6113886588673115,1.1102050189080725,-0.5418854851781427,
2.455552006332124,-0.8285402550861809,-0.8539722794640632,-0.4343218070779954,-0.9977113902186099,1.9160250464094064,-1.9805055853737261,3.3864839254077927,-1.3690168581346227,
1.1419791975557871,0.2862692653177916,-0.8539722794640632,-1.6239240696072257,0.9438634878441285,-0.33813835567470885,0.9989266925014285,0.6701244303181266,-1.2209785325993214,
-1.1163775272290013,-0.8285402550861809,2.243359170104779,-0.05327733236160176,1.148239790798101,-1.5714769174210679,0.9229144093770516,-0.28591271041175587,1.1254097754760375,
-0.30941420258999236,-0.8285402550861809,0.6753447980841709,-1.1267074989407118,1.1823025079570966,0.18049632157247802,1.4587387002538046,-0.28591271041175587,-0.3679027325970113,
-0.6477875165728982,-0.8285402550861809,1.842455199370981,-1.28934843327088,0.9949575635826216,0.9963972162662232,0.04441179293958451,-0.49836540835172977,-0.08303976993771921,
2.312978980777529,-0.8285402550861809,-0.8539722794640632,0.3091796070027737,-0.9977113902186099,1.9160250464094064,-1.9805055853737261,-0.6045917573217168,-1.2427936561353565,
1.8377355622622116,0.5699747504469967,-0.8539722794640632,-0.057924216199606304,0.518079523356686,-1.5360579638529663,0.11917797306192214,-0.6652925281617093,-1.1750689789387019,
-1.0279822513851522,-0.23876246234870444,1.8316199569187164,-0.815366281794389,0.10932691744874097,0.41324944501999716,0.2687103333065974,0.13899268546819193,0.6359395567189179,
-1.213327184606126,1.2197898035230188,2.0096275114916384,2.121464303824648,0.1944837103462295,-1.6258703104006502,-1.992966615394116,-0.28591271041175587,2.326140953033353,
0.1363641239773754,-0.8285402550861809,0.8022719239535588,1.7961824351643119,0.8757380535261376,-1.9547605935330126,0.07556436799055852,-0.28591271041175587,-0.011376166259466566,
0.2124030709398262,0.06613264407645805,-0.8539722794640632,2.121464303824648,-0.9977113902186099,-0.5253528245346684,-1.2702268742115188,0.6549492376081285,-0.0006157897313653981,
1.7807063520403736,0.5511395315172571,-0.8539722794640632,-2.0700249180556867,4.486386072379652,-1.5360579638529663,0.8543787442649088,0.13899268546819193,-1.4535924149412165,
-0.7894100552904629,0.730074111349785,-0.8539722794640632,0.4485861221429179,-0.9977113902186099,0.06158983459385498,0.6674632939590648,-0.6045917573217168,0.6898037773496349,
-1.0279822513851522,-0.23876246234870444,1.8316199569187164,-0.815366281794389,0.10932691744874097,0.41324944501999716,0.2687103333065974,-0.28591271041175587,0.6359395567189179,
-0.5099669252034562,3.1986649923288035,-0.8539722794640632,0.15583244034861454,-0.9977113902186099,-0.22429171920581414,-1.216644445123844,-0.6045917573217168,0.20473750127334275,
0.2124030709398262,0.06613264407645805,-0.8539722794640632,2.121464303824648,-0.9977113902186099,-0.5253528245346684,-1.2702268742115188,3.3864839254077927,-0.0006157897313653981,
-0.776103239572034,1.52586211113129,-0.8539722794640632,0.35564844538282175,-0.9977113902186099,2.169017571895839,-1.3948371744154149,-0.28591271041175587,0.6363985007322197,
0.6401221476036119,-0.8285402550861809,-0.8539722794640632,0.4485861221429179,-0.9977113902186099,0.9293541970123191,0.4244732085614675,4.752251269307625,-0.6371737662333005,
-1.4129294203825593,1.52586211113129,-0.8539722794640632,0.4485861221429179,-0.9977113902186099,-0.5835411053965481,0.8381794052384028,-0.28591271041175587,2.2085785070831356,
-0.3008598210567166,-0.8285402550861809,0.6273601529384268,0.23482946559469706,-0.060986668346236075,-0.21037713030406008,1.1123220656869741,-0.6652925281617093,-0.0018898183122924282,
-1.3102768419832507,0.7759849574910257,0.7898887897223991,-0.19733073133975051,0.27964050324371803,-0.4051813749286129,0.02945855691511642,-0.28591271041175587,1.5553735671902915,
-0.4130172678263316,1.040855223690491,-0.8539722794640632,0.15583244034861454,-0.9977113902186099,0.8483965888566596,-0.46898264390046773,-0.28591271041175587,0.09365269783723815,
0.5735880690114674,-0.38120380550486144,-0.8539722794640632,2.121464303824648,-0.9977113902186099,-0.5253528245346684,-1.2702268742115188,4.828127232857616,-0.26603841075785933,
1.3624921437468942,0.42282460255840487,-0.8539722794640632,-1.4380487160870334,2.1701213055679633,-0.4747543194373819,0.3958128395145719,-0.28591271041175587,-1.254784513367612,
-1.1372882376436753,1.4081419928204164,1.436907553300498,-0.15550877679770697,2.238246739885954,-1.7144176943209017,-0.38549374276385684,-0.28591271041175587,1.1298879664925898,
1.495560300931183,1.2551058390162808,-0.8539722794640632,0.16977309186262948,0.8927694121056353,-1.1211502220552174,-0.7979538364387531,-0.6045917573217168,-1.0399358023613037,
-0.4253735967077297,0.25095322982452956,0.2527703424458431,2.9997253492075573,0.02417012455125245,-1.5259382628335096,-0.953716711693623,-0.28591271041175587,0.93010000295208,
-0.2628403475754912,-0.8285402550861809,-0.8539722794640632,0.7273991524232063,-0.9977113902186099,-0.06996627865908969,1.1347519197236748,0.6549492376081285,0.0934315956717228,
-1.0384376065924892,-0.6684408941833929,1.8145931473508716,-1.1871169888347735,-0.29942568845920403,0.4145144076474282,1.0525091215891031,0.13899268546819193,0.5074437516766563,
-0.7894100552904629,0.730074111349785,-0.8539722794640632,0.4485861221429179,-0.9977113902186099,0.06158983459385498,0.6674632939590648,2.0207165815079606,0.6898037773496349,
0.06983004538523097,0.7489093302795247,-0.8539722794640632,0.5879926372830621,0.02417012455125245,-0.6265498347292414,-0.14873417237645437,-0.28591271041175587,-0.2403227242916245,
-1.2057232899098809,1.3304467147352401,-0.8539722794640632,0.508995612036981,0.5521422405156813,-1.2185523443674933,1.1933187608195066,-0.28591271041175587,1.5878048570318382,
1.352987275376588,-0.5695559948022592,1.189244868677302,-0.20197761517775506,0.4499540890386951,-1.15783413825075,-0.2733444725803504,-0.6652925281617093,-1.0522903258740768,
0.46903451693809756,-0.8285402550861809,-0.8539722794640632,0.4485861221429179,-0.9977113902186099,0.05652998408412662,0.6612327789488699,-0.6045917573217168,-0.5418854851781427,
1.0013071456752531,-0.5931000184644338,0.6010459926972123,-1.1778232211587645,1.3696474523315711,-0.4494550668887386,0.910453379356662,-0.6045917573217168,-1.0972844487012974,
0.9822974089346403,-0.8285402550861809,-0.8539722794640632,0.16977309186262948,-0.9977113902186099,-0.09526553120773294,-0.11135108231528555,-0.6956429135817055,-0.8506575864214093,
-1.1943174478655132,1.2668778508473681,2.0405853470695376,1.7961824351643119,0.1944837103462295,-1.5120236739317556,-1.9680445553533366,-0.28591271041175587,2.1227651784805857,
-0.19630626898334677,0.34866092802255455,0.3533833080740164,0.8668056675633505,0.5351108819361836,-1.3855274111885392,-0.13627314235606475,-0.28591271041175587,0.06345173948192605,
-0.6344807008544694,-0.19520601857368125,1.03290779900891,-1.242879594890832,0.6372990334131697,0.5157114178420013,0.10796304604357178,0.13899268546819193,-0.08324386486711458,
-0.0632381117990579,-0.8285402550861809,-0.8539722794640632,0.03036657672248529,-0.9977113902186099,1.447988874259506,0.44939526860224666,-0.28591271041175587,-0.26989910342733564,
2.2654546389259975,-0.8285402550861809,-0.8539722794640632,-0.5737283222181396,-0.11208074408472916,-1.499374047657434,1.0350636795605581,-0.28591271041175587,-1.3481460195581803,
1.0013071456752531,-0.5931000184644338,0.6010459926972123,-1.1778232211587645,0.9779262050031239,-0.4494550668887386,0.910453379356662,-0.6652925281617093,-1.0972844487012974,
0.426262609271719,-0.8285402550861809,1.2805704836321057,0.7738679908032544,0.8416753363671424,-2.1811889038433696,0.25624930328620776,-0.28591271041175587,-0.4481354003748104,
-1.0717046458885613,-0.3317613558142945,1.0700572017023893,-1.1174137312647014,0.8416753363671424,1.3569115650843897,0.3023551143616499,-0.6652925281617093,0.5957600816691938,
-1.0384376065924892,-0.6684408941833929,1.8145931473508716,-1.1871169888347735,-0.29942568845920403,0.4145144076474282,1.0525091215891031,-0.28591271041175587,0.5074437516766563,
1.3862543146726602,-0.26936969310953157,-0.8539722794640632,2.121464303824648,-0.9977113902186099,-0.5253528245346684,-2.2172651557611287,-0.6045917573217168,-0.6907146044002493,
-0.4339279782410055,1.0196656023945339,-0.8539722794640632,0.4485861221429179,-0.9977113902186099,-0.011777997797209897,-0.28455939959870075,-0.6652925281617093,0.201825192407486,
0.9347730670831086,-0.8285402550861809,-0.8539722794640632,2.121464303824648,-0.9977113902186099,-0.5253528245346684,-1.2702268742115188,2.0207165815079606,-0.47837650757905437,
0.14776996602174292,-0.8285402550861809,0.9648005607375311,-0.35067789799390836,0.6202676748336722,0.6232332411737351,-0.22973086750898677,-0.6652925281617093,-0.5161000994773013,
-1.0859619484440208,0.7006440817720665,1.136616548194873,-0.3181497111278752,0.3307345789822111,0.4145144076474282,-0.31571197464967476,-0.49836540835172977,0.9497684339441447,
-0.6572923849432046,-0.8285402550861809,0.7001110665464906,-1.0709448928846534,0.4840168061976904,0.43348884705891066,1.6406697385514932,0.8067011647081099,-0.001739932596889269,
0.2979468862725833,1.0667536497188832,-0.8539722794640632,-0.20197761517775506,0.7054244677311606,-0.7150972186494928,-0.16119520239684396,-0.28591271041175587,-0.5781007894727147,
-0.49380864897393556,-0.8285402550861809,0.9756358031897959,0.5972864049590711,0.041201483130750095,0.6902762604276391,-0.17864064442538913,0.8067011647081099,0.31726737545970307,
-1.1125755798808787,-0.8285402550861809,1.4740569559939773,-0.03468979700958227,0.9949575635826216,0.629558054310896,-0.5362722060105714,-0.28591271041175587,1.1246084201853257,
-0.042327401384384046,0.32276250199416234,-0.47473879363479454,-1.0058885191525873,0.909800770685133,1.1153037032448476,0.13163900308231175,-0.6652925281617093,-0.5429511885387467,
1.5620943795233275,-0.5460119711400844,0.36886222586296613,-0.9454790292585241,0.9779262050031239,-0.08261590493341131,-0.7468636133551554,-0.6045917573217168,-1.2325100173655408,
-0.656341898106174,-0.8285402550861809,0.7001110665464906,-1.066298009046649,0.7735499020491515,0.38289034196162414,1.6431619445555703,0.8067011647081099,-0.0013648658019951674,
0.08123588742959847,1.4493440342292223,-0.8539722794640632,0.15583244034861454,-0.9977113902186099,0.3120524348254241,-0.8428135445121558,-0.6045917573217168,-0.35128096168711237,
1.6010643398415838,-0.23993966353181317,-0.8539722794640632,0.8203368291833024,-0.4867706328336787,1.9084352706448144,-1.9780133793696477,-0.28591271041175587,-0.974146571896748,
-1.647699669129126,1.0832344662824056,-0.8539722794640632,0.9829777635134707,-0.9977113902186099,-0.4469251416338737,0.9602974994382204,0.6549492376081285,3.5954563416829863,
-1.2656039606428109,0.8124781941673964,0.8270381924158783,0.481114309008951,0.041201483130750095,-1.0262780249978052,0.10048642803133773,-0.28591271041175587,1.7436666066306237,
-0.9852103437187736,0.6994668805889579,0.9818273703053757,-0.11368682225566346,-0.38458248135669243,0.42716403392174984,-0.3132197686455977,0.8067011647081099,0.8296500270526335,
1.1419791975557871,0.2862692653177916,-0.8539722794640632,-1.6239240696072257,0.9438634878441285,-0.33813835567470885,0.9989266925014285,-0.6652925281617093,-1.2209785325993214,
-1.3178807366794958,1.165638549100017,1.3548692890190641,0.3881766322488549,0.43292273045919744,-0.07755605442368295,-1.6004441697518432,-0.28591271041175587,1.858084998352068,
0.46903451693809756,-0.8285402550861809,-0.8539722794640632,0.4485861221429179,-0.9977113902186099,0.05652998408412662,0.6612327789488699,2.0207165815079606,-0.5418854851781427,
-0.08414882221373175,0.4086981883611,0.4122031956720254,1.2710845614697681,0.5351108819361836,-0.879542360215674,-1.149354883013739,-0.28591271041175587,0.05892916777164527,
1.8852599041137434,-0.8285402550861809,-0.8539722794640632,0.4485861221429179,-0.9977113902186099,-0.47222439418251694,-0.7443714073510769,0.6549492376081285,-1.1153907980426394,
-1.080259027421837,-0.33293855699740327,1.681474454365904,-2.8135263321364565,-0.026923951187240634,1.0773548244218827,0.10173253103337697,-0.28591271041175587,-0.08024257603931362,
0.14776996602174292,-0.8285402550861809,0.9648005607375311,-0.35067789799390836,0.6202676748336722,0.6232332411737351,-0.22973086750898677,-0.49836540835172977,-0.5161000994773013,
-1.3806128679235177,1.0738168568175355,1.093275578385814,-0.49937818081006297,0.7735499020491515,-0.6442593115132914,-0.09390564028674038,-0.28591271041175587,1.6176059965269365,
-0.952893791259732,-0.8285402550861809,1.731006991290543,-0.592315857570159,0.2966718618232157,1.038140982971484,0.07307216198648003,-0.28591271041175587,0.5884644044542263,
-1.2893661315685767,1.8790224660639108,-0.8539722794640632,0.9132745059433985,-0.4867706328336787,-1.8535635833384396,1.2469011899071814,-0.28591271041175587,2.017323315333074,
-0.41396775466336216,-0.8285402550861809,0.6025938844761071,0.2023012787286626,0.1944837103462295,-0.2989245142243115,0.9353754393974413,0.8067011647081099,0.10807259981119305,
-0.28375105799016503,-0.8285402550861809,0.6923716076520158,-1.6843335595012887,1.1141770736391057,0.41071951976513227,1.5933178244740118,-0.28591271041175587,-0.5413695807821652,
2.455552006332124,-0.8285402550861809,-0.8539722794640632,-0.4343218070779954,-0.9977113902186099,1.9160250464094064,-1.9805055853737261,-0.6652925281617093,-1.3690168581346227,
-0.6458865428988372,0.32629410554348853,-0.47473879363479454,-0.030042913171577725,0.17745235176673185,1.1671671709695652,0.16777599014144132,0.8067011647081099,0.3187110978021469,
0.42151017508656585,-0.8285402550861809,1.2821183754110006,0.7738679908032544,0.8757380535261376,-2.182453866470802,0.250018788276013,-0.28591271041175587,-0.4451579709597875,
-0.9471908702375482,-0.29644532032103244,1.0344556907878049,-0.5644345545421305,0.3988600133002018,1.0862095628139086,0.10920914904561102,0.13899268546819193,0.5891474407253056,
0.8872487252315768,-0.8285402550861809,-0.8539722794640632,0.16977309186262948,-0.9977113902186099,0.8155075605434244,-0.17365623241723357,-0.28591271041175587,-0.8096239386201186,
-1.2038223162358197,1.325737910002805,-0.8539722794640632,0.495054960522966,0.5351108819361836,-1.221082269622358,1.1970570698256229,-0.28591271041175587,1.5765083003679945,
-0.28755300533828765,-0.8285402550861809,0.9771836949686908,0.49040807668496145,-0.009892592607742988,0.8863454676796244,-0.21976204349267567,0.8067011647081099,0.054495828476999665,
0.08313686110365964,-0.8285402550861809,0.6350996118329016,-0.6620191151402312,0.6032363162541745,-0.1559837373244762,1.1596739797644542,0.13899268546819193,-0.5457192717568504,
-0.3008598210567166,-0.8285402550861809,-0.8539722794640632,-0.016102261657562778,-0.9977113902186099,1.5997843895513655,0.5989276288469219,-0.28591271041175587,-0.07068736168235983,
1.0963558293783164,-0.8285402550861809,-0.8539722794640632,0.16977309186262948,-0.9977113902186099,0.8408068130920677,-0.47272095290658406,-0.28591271041175587,-0.8971692778838296,
-0.3008598210567166,-0.8285402550861809,0.6273601529384268,0.43929235446690884,-0.09504938550523151,-0.31157414049863313,1.0624779456054159,-0.28591271041175587,0.054167439248502904,
-0.6449360560618063,0.32629410554348853,-0.47473879363479454,-0.030042913171577725,0.1433896346077364,1.1696970962244302,0.16902209314348055,-0.6652925281617093,0.3174444324715702,
2.455552006332124,-0.8285402550861809,-0.8539722794640632,-0.4343218070779954,-0.9977113902186099,1.9160250464094064,-1.9805055853737261,-0.6045917573217168,-1.3690168581346227,
1.8852599041137434,-0.8285402550861809,-0.8539722794640632,0.4485861221429179,-0.9977113902186099,-0.4747543194373819,-0.634714343171649,-0.6652925281617093,-1.1153907980426394,
-1.0983182773254192,-0.8285402550861809,1.6737349954714291,-0.27168087274782715,-0.23130025414121314,1.076089861794449,0.10173253103337697,-0.49836540835172977,0.99507858210252,
0.4880442536787103,-0.8285402550861809,-0.8539722794640632,0.4485861221429179,-0.9977113902186099,-0.5354725255541252,0.8805469073077272,-0.28591271041175587,-0.5529817848405553,
-0.6031146352324586,-0.18578840910881134,1.0623177428079145,-1.9306184029155427,1.029020280741617,1.2923984710853504,0.2587415092902863,-0.28591271041175587,-0.3341578735327613,
0.42151017508656585,1.1256137088743199,-0.8539722794640632,-0.38785296869794733,0.5351108819361836,-1.15783413825075,0.22509672823523377,-0.28591271041175587,-0.6894119166896898,
-0.3008598210567166,-0.8285402550861809,0.6273601529384268,0.23482946559469706,-0.060986668346236075,-0.21037713030406008,1.1123220656869741,0.8067011647081099,-0.0018898183122924282,
0.5346181086932111,1.396369980989329,-0.8539722794640632,-0.3460310141559038,0.6202676748336722,-0.3647025708507831,-0.20107049846209127,-0.6652925281617093,-0.7407984940618332,
0.2684817943246334,0.8525030343930935,0.8672833786671478,-0.6759597666542448,2.7662188558503833,-0.7543110600998902,-1.5044942385948428,-0.28591271041175587,-0.6648147010125718,
0.6496270159739181,-0.8285402550861809,-0.8539722794640632,0.9597433443234467,-0.9977113902186099,0.005931478986840098,0.03818127792938971,-0.6045917573217168,-0.5420779366254129,
0.4832918194935571,0.8489714308437671,-0.8539722794640632,2.121464303824648,-0.9977113902186099,-0.5253528245346684,-2.2172651557611287,-0.6045917573217168,-0.20537038309466063,
1.3624921437468942,0.42282460255840487,-0.8539722794640632,-1.4380487160870334,2.1701213055679633,-0.4747543194373819,0.3958128395145719,-0.6045917573217168,-1.254784513367612,
1.3624921437468942,0.42282460255840487,-0.8539722794640632,-1.3404641554889327,1.8124627753985114,-1.5360579638529663,1.4350627432150647,-0.6045917573217168,-1.2390465132502766,
-0.5784019774696618,0.9042998864498776,-0.8539722794640632,0.15583244034861454,-0.9977113902186099,1.030551207206892,-0.3443723436965717,-0.6045917573217168,0.28932957345518473,
-1.0859619484440208,0.7006440817720665,1.136616548194873,-0.3181497111278752,0.3307345789822111,0.4145144076474282,-0.31571197464967476,0.8067011647081099,0.9497684339441447,
-0.3312753998416968,-0.8285402550861809,1.0824403359335488,-1.8144463069654224,1.0460516393211148,1.4328093227303194,0.3609219554574802,-0.6652925281617093,-0.5400646823848878,
-1.1677038164286555,1.9755529630788269,-0.8539722794640632,0.15583244034861454,-0.9977113902186099,0.8483965888566596,-0.46898264390046773,-0.6045917573217168,1.3351887362407613,
-0.6477875165728982,-0.8285402550861809,1.842455199370981,-1.0755917767226593,0.9949575635826216,0.8863454676796244,-0.0004479151338183483,-0.49836540835172977,-0.01441527963016705,
0.9347730670831086,0.2898008688671178,-0.8539722794640632,2.121464303824648,-0.9977113902186099,-0.5253528245346684,-2.2172651557611287,4.828127232857616,-0.47837650757905437,
0.04416690078540394,1.5364569217792687,-0.8539722794640632,-1.7493899332333562,0.909800770685133,0.3930100429810823,0.3958128395145719,-0.6045917573217168,-0.7796399896914171,
0.6496270159739181,-0.8285402550861809,-0.8539722794640632,0.16977309186262948,-0.9977113902186099,0.9673030758352841,-0.024123872172558312,-0.6045917573217168,-0.6967814071665691,
-0.952893791259732,-0.8285402550861809,1.731006991290543,-0.592315857570159,0.2966718618232157,1.038140982971484,0.07307216198648003,-0.6652925281617093,0.5884644044542263,
0.4832918194935571,0.8489714308437671,-0.8539722794640632,2.121464303824648,-0.9977113902186099,-0.5253528245346684,-2.2172651557611287,2.0207165815079606,-0.20537038309466063,
-1.3083758683091895,0.7724533539416993,0.7867930061646091,-0.20197761517775506,0.1944837103462295,-0.4115061880657737,0.025720247909000106,-0.28591271041175587,1.5476828329231822,
-0.04422837505844521,-0.8285402550861809,-0.8539722794640632,0.4021172837628698,-0.9977113902186099,-0.06996627865908969,1.0475247095809477,-0.6652925281617093,-0.19321487574697996,
-1.2798612631982704,0.5252411054888649,0.5236514037524636,0.9132745059433985,0.5351108819361836,-1.4361259162858258,0.7110768990304284,-0.28591271041175587,1.9873454738752312,
-1.1543970007102267,1.3845979691582417,1.4121412848381785,0.9690371119994557,0.926832129264631,-1.8320592186720923,-0.7755239824020509,-0.28591271041175587,1.6505713770289576,
-0.9072704230822617,0.6323664131517598,-0.8539722794640632,0.15583244034861454,-0.9977113902186099,1.3898005933976276,-0.09515174328877962,-0.28591271041175587,0.787099249899357,
-0.8378848839790253,2.5876975782953693,-0.8539722794640632,0.15583244034861454,-0.9977113902186099,0.3120524348254241,-0.8428135445121558,-0.6045917573217168,0.6672615962004164,
0.38349070160534043,-0.8285402550861809,-0.8539722794640632,0.9597433443234467,-0.9977113902186099,0.005931478986840098,0.3497070284391298,2.0207165815079606,-0.3814395503345956,
-1.1087736325327562,-0.8285402550861809,1.368800315029119,-0.8618351201744371,-0.9977113902186099,0.4056596692554039,1.6070249574964406,-0.49836540835172977,0.7724879173312587,
-0.6620448191283578,0.8348450166464625,-0.8539722794640632,0.9829777635134707,-0.9977113902186099,-0.001658296777753168,-0.2733444725803504,0.6549492376081285,0.6679487368165007,
-1.080259027421837,-0.33293855699740327,1.681474454365904,-2.8135263321364565,-0.026923951187240634,1.0773548244218827,0.10173253103337697,-0.6652925281617093,-0.08024257603931362,
-0.04422837505844521,0.5464307267848221,0.554609239330363,0.38352974841085036,0.1944837103462295,-0.3419332435570047,-1.3250554063012328,-0.28591271041175587,-0.19781425690556187,
0.2124030709398262,0.06613264407645805,-0.8539722794640632,2.121464303824648,-0.9977113902186099,-0.5253528245346684,-1.2702268742115188,-0.28591271041175587,-0.0006157897313653981,
-0.24858304502003167,1.1762333597479957,-0.8539722794640632,0.15583244034861454,-0.9977113902186099,0.6713018210161568,-0.5935929441043638,-0.6045917573217168,-0.0744770357391296,
-1.09926876416245,2.228651217447205,-0.8539722794640632,0.03966034439849438,1.1652711493775985,-1.4513054678150124,0.6836626329855706,-0.28591271041175587,1.1256715250340694,
0.4880442536787103,-0.8285402550861809,-0.8539722794640632,0.4485861221429179,-0.9977113902186099,-0.5354725255541252,0.8805469073077272,-0.6045917573217168,-0.5529817848405553,
-1.0983182773254192,-0.8285402550861809,1.6737349954714291,-0.27168087274782715,-0.23130025414121314,1.076089861794449,0.10173253103337697,0.13899268546819193,0.99507858210252,
2.455552006332124,-0.8285402550861809,-0.8539722794640632,-0.4343218070779954,-0.9977113902186099,1.9160250464094064,-1.9805055853737261,2.0207165815079606,-1.3690168581346227,
-1.3501972891385374,1.6365190223435113,-0.8539722794640632,0.4485861221429179,-0.9977113902186099,0.9293541970123191,0.4356881355798178,2.0207165815079606,1.9911946528714648,
-0.41967067568554595,1.9673125547970658,-0.8539722794640632,2.121464303824648,-0.9977113902186099,-0.5253528245346684,-2.2172651557611287,2.0207165815079606,0.6682492152553989,
-0.3008598210567166,1.290421874509543,0.616524910486162,-1.0848855443986682,0.6202676748336722,-1.4361259162858258,0.3497070284391298,-0.28591271041175587,-0.3637139352956089,
0.46903451693809756,-0.8285402550861809,-0.8539722794640632,0.4485861221429179,-0.9977113902186099,0.05652998408412662,0.6612327789488699,-0.6652925281617093,-0.5418854851781427,
1.0288712639491413,1.396369980989329,-0.8539722794640632,-1.6936273271772977,2.7491874972708854,-0.3647025708507831,-0.20107049846209127,-0.6045917573217168,-1.19757037950024,
-0.04327788822141435,-0.8285402550861809,0.6536743131796414,-1.0105354029905917,1.0119889221621194,0.004666516359407648,1.2917608979805841,0.8067011647081099,-0.5434342644181719,
-0.017614743621587322,0.6888720699409792,0.7001110665464906,-0.46220311010602394,0.6202676748336722,-1.8775978732596503,0.4107660755390386,-0.28591271041175587,-0.42692360205912205,
1.7807063520403736,0.5511395315172571,-0.8539722794640632,-2.0700249180556867,4.486386072379652,-1.5360579638529663,0.8543787442649088,0.6701244303181266,-1.4535924149412165,
-0.9852103437187736,0.6994668805889579,0.9818273703053757,-0.11368682225566346,-0.38458248135669243,0.42716403392174984,-0.3132197686455977,-0.6652925281617093,0.8296500270526335,
1.9898134561871132,-0.5224679474779097,1.0499346085767545,0.8668056675633505,-0.33348840561819937,-1.9168117147100479,-0.9088570036202203,-0.28591271041175587,-1.085551024762268,
0.37778778058315643,-0.8285402550861809,1.1257813057426083,0.007132157532461256,0.9608948464236262,-1.308364690915177,0.09674811902522142,-0.28591271041175587,-0.580845825615667,
0.04416690078540394,1.5364569217792687,-0.8539722794640632,-1.7493899332333562,0.909800770685133,0.3930100429810823,0.3958128395145719,0.6701244303181266,-0.7796399896914171,
-1.0859619484440208,0.7006440817720665,1.136616548194873,-0.3181497111278752,0.3307345789822111,0.4145144076474282,-0.31571197464967476,0.13899268546819193,0.9497684339441447,
-1.3939196836419465,0.40752098717799135,2.133458853803236,0.6344614756631102,0.02417012455125245,-0.10791515748205457,-1.6066746847620381,-0.28591271041175587,2.2348325073584383,
-1.0251307908740601,0.2709656499373781,1.621106674989,-0.4668499939440285,0.6543303919926674,0.4258990712943188,-0.31571197464967476,0.13899268546819193,0.7681629641508954,
0.2694322811616643,-0.8285402550861809,-0.8539722794640632,0.4485861221429179,-0.9977113902186099,0.4866172774110621,0.7235379290508179,1.1102050189080725,-0.4167299633406427,
-0.9281811334969355,0.1838527623873316,2.087022100436387,1.4244317281239274,0.02417012455125245,-0.6391994610035631,-1.8558952851698303,-0.28591271041175587,1.2976470305069194,
-1.3844148152716402,1.0785256615499705,1.0963713619436037,-0.48079064545804345,0.7054244677311606,-0.6391994610035631,-0.09889005229489595,-0.28591271041175587,1.6387592224910963,
-1.2323369213467388,1.2668778508473681,1.2975972931999502,-0.6666659989782358,2.067933154090977,-0.37355730924280883,-0.9587011237017786,-0.28591271041175587,1.1309227525394772,
-1.4224342887528656,1.602380188033358,1.6365855927779496,-0.16015566063571152,-0.060986668346236075,-1.3488434949930068,-0.4527833048739604,-0.28591271041175587,1.9273176120883493,
-0.9471908702375482,-0.29644532032103244,1.0344556907878049,-0.5644345545421305,0.3988600133002018,1.0862095628139086,0.10920914904561102,-0.6652925281617093,0.5891474407253056,
1.1248704344892355,-0.8285402550861809,-0.8539722794640632,0.21624193024267757,-0.9977113902186099,0.6510624189772433,-0.3356496226822984,-0.6045917573217168,-0.9003984750111794,
2.455552006332124,-0.8285402550861809,-0.8539722794640632,-0.9454790292585241,-0.5719274257311672,1.030551207206892,-1.1954606940891812,-0.28591271041175587,-1.433897943274432,
0.46903451693809756,-0.8285402550861809,-0.8539722794640632,0.4485861221429179,-0.9977113902186099,0.6510624189772433,0.6113886588673115,-0.6652925281617093,-0.5418854851781427,
-0.7428362002759618,2.765454956944789,-0.8539722794640632,0.9829777635134707,-0.9977113902186099,-0.12815455952096946,-1.7686680750271029,0.6549492376081285,0.795652073348116,
-0.8264790419346577,-0.8285402550861809,0.7016589583253855,-0.5644345545421305,0.27964050324371803,0.3095225095705592,1.618239884514791,-0.49836540835172977,0.39485982588129953,
1.8852599041137434,-0.8285402550861809,-0.8539722794640632,0.4485861221429179,-0.9977113902186099,-0.4747543194373819,-0.634714343171649,0.6549492376081285,-1.1153907980426394,
-1.5745121826777673,1.2080177916919315,-0.8539722794640632,0.4485861221429179,-0.9977113902186099,-0.8061745278246092,1.4948756873129343,-0.6652925281617093,2.8824230248667573,
0.1363641239773754,-0.8285402550861809,-0.8539722794640632,0.4485861221429179,-0.9977113902186099,1.410039995436541,-0.08642902227450634,-0.6045917573217168,-0.3234270855743983,
0.20860112359170385,0.8183642000829401,-0.8539722794640632,1.4476661473139514,0.05823284171024789,-0.9870641835474079,-0.6160227981410645,-0.28591271041175587,-0.14958816991224344,
-0.2789986238050119,-0.8285402550861809,0.6753447980841709,-1.6750397918252782,1.4207415280700642,0.18049632157247802,1.4587387002538046,-0.28591271041175587,-0.5425071575107827,
0.8777438568612705,1.3987243833555465,-0.8539722794640632,-0.569081438380135,0.7224558263106583,-0.5999856195531658,-0.1898555714437395,-0.6652925281617093,-0.9408080045332345,
-1.169604790102717,0.9243123065627262,0.9415821840541064,-0.3367372464798947,1.556992396706046,-0.25591578489161826,-0.6509136821981548,-0.28591271041175587,1.1270119659284803,
-0.2628403475754912,-0.8285402550861809,-0.8539722794640632,0.7273991524232063,-0.9977113902186099,-0.06996627865908969,1.1347519197236748,-0.6652925281617093,0.0934315956717228,
-0.04422837505844521,-0.8285402550861809,-0.8539722794640632,0.4021172837628698,-0.9977113902186099,-0.06996627865908969,1.0475247095809477,-0.28591271041175587,-0.19321487574697996,
0.46903451693809756,-0.8285402550861809,-0.8539722794640632,0.4485861221429179,-0.9977113902186099,0.05652998408412662,0.6612327789488699,0.6549492376081285,-0.5418854851781427,
-0.8683004627640054,-0.8285402550861809,1.0839882277124442,-0.9501259130965287,0.688393109151663,1.449253836886937,0.3821057064921431,-0.6652925281617093,0.32031823600797377,
0.1363641239773754,-0.8285402550861809,-0.8539722794640632,0.4485861221429179,-0.9977113902186099,1.410039995436541,-0.08642902227450634,-0.28591271041175587,-0.3234270855743983,
0.6971513578254499,-0.6048720302955212,0.6474827460640614,-1.7354492817193412,1.2333965836955894,-0.08261590493341131,1.2344401598867918,-0.28591271041175587,-1.088474701262488,
-0.18680140061304043,0.4781530581645155,0.47721465038561434,0.5879926372830621,-0.1461434612437246,-0.9933889966845687,-0.4851819829269737,-0.28591271041175587,-0.01885093163394906,
1.495560300931183,1.2551058390162808,-0.8539722794640632,0.16977309186262948,0.8927694121056353,-1.1211502220552174,-0.7979538364387531,0.6701244303181266,-1.0399358023613037,
0.7351708313066753,-0.6048720302955212,1.3285551287778499,-1.3172297362989087,0.8587066949466401,-0.39885656179145207,0.36216805845951944,-0.28591271041175587,-1.0231213186440145,
-1.1087736325327562,-0.8285402550861809,1.4678653888783975,-0.016102261657562778,1.0460516393211148,0.6257631664286,-0.5350261030085322,-0.28591271041175587,1.1238109502535993,
0.8967535936018832,-0.8285402550861809,-0.8539722794640632,1.4987818695320039,-0.9977113902186099,0.3790954540793282,-0.11882770032751959,-0.28591271041175587,-0.571556789428781,
-0.45483868865567934,-0.8285402550861809,0.610333343370582,0.7227522685852018,-0.21426889556171547,-0.33560843041984395,1.0001727955034678,-0.6652925281617093,0.3065842156140975,
1.058336355897091,-0.8285402550861809,-0.8539722794640632,0.4485861221429179,-0.9977113902186099,-0.41656603857550206,0.1702681961455198,0.6549492376081285,-0.8333539366160142,
0.13446315030331424,-0.8285402550861809,-0.8539722794640632,0.15583244034861454,-0.9977113902186099,1.4909976035922008,-0.032846593186831606,-0.6045917573217168,-0.3898664083969945,
-1.647699669129126,1.0832344662824056,-0.8539722794640632,0.9829777635134707,-0.9977113902186099,-0.4469251416338737,0.9602974994382204,-0.6652925281617093,3.5954563416829863,
2.0753572715198705,-0.8285402550861809,-0.8539722794640632,0.8203368291833024,-0.9977113902186099,1.9160250464094064,-1.9805055853737261,0.6549492376081285,-1.1153907980426394,
-1.327385605049802,1.1373857207054072,1.1582870330994026,-0.38785296869794733,0.8757380535261376,-1.1451845119764283,0.16279157813328576,-0.28591271041175587,1.5134146541521563,
2.2654546389259975,-0.8285402550861809,-0.8539722794640632,-0.34138413031789927,-0.11208074408472916,-1.3096296535426095,0.41201217854107786,-0.28591271041175587,-1.3175203325166618,
2.312978980777529,-0.8285402550861809,-0.8539722794640632,0.3091796070027737,-0.9977113902186099,1.9160250464094064,-1.9805055853737261,3.3864839254077927,-1.2427936561353565,
-0.28755300533828765,-0.8285402550861809,0.9771836949686908,0.49040807668496145,-0.009892592607742988,0.8863454676796244,-0.21976204349267567,0.13899268546819193,0.054495828476999665,
0.031810571904005575,1.4081419928204164,-0.8539722794640632,-0.8990101908784761,0.2966718618232157,0.726960176623173,-1.0833114239056747,-0.28591271041175587,-0.5677820220300838,
0.06032517701492462,1.4316860164825913,-0.8539722794640632,0.4485861221429179,-0.9977113902186099,-0.5253528245346684,-0.6745896392368962,-0.6652925281617093,-0.26603841075785933,
-1.184812579495207,1.690670276766513,1.498823224456297,0.8203368291833024,0.5351108819361836,-1.9547605935330126,-0.8465518535182722,-0.28591271041175587,1.6679964838555734,
0.02230570353369923,-0.6519600776198706,1.3285551287778499,-0.15550877679770697,-0.060986668346236075,-1.6638191892236152,0.36216805845951944,-0.6045917573217168,-0.3819271607835113,
-1.2988709999388832,0.5370131173199523,0.9880189374209557,0.07683541510253336,-0.026923951187240634,-1.7776658256925097,1.346589430070298,-0.28591271041175587,1.6523264639715585,
-0.04422837505844521,-0.8285402550861809,-0.8539722794640632,0.4021172837628698,-0.9977113902186099,-0.06996627865908969,1.0475247095809477,-0.49836540835172977,-0.19321487574697996,
2.3728596515104585,-0.8285402550861809,-0.8539722794640632,-1.8841495645354946,3.8051317291997426,-1.5360579638529663,1.5173055413496364,-0.6652925281617093,-1.539347607957798,
-1.241841789717045,-0.8285402550861809,2.0096275114916384,-0.7131348373582838,1.7273059825010229,1.2708941064190031,-1.1705386340484019,-0.28591271041175587,1.133143088163261,
-0.2818500843161039,-0.8285402550861809,-0.8539722794640632,0.12330425348258142,-0.9977113902186099,1.7389302785689036,0.15033054811289615,-0.6045917573217168,-0.05117247945069773,
-1.0717046458885613,-0.3317613558142945,1.0700572017023893,-1.1174137312647014,0.8416753363671424,1.3569115650843897,0.3023551143616499,0.8067011647081099,0.5957600816691938,
-1.1087736325327562,0.6841632652085442,1.190792760456197,-0.3367372464798947,0.3818286547207042,0.4081895945102674,-0.31571197464967476,-0.49836540835172977,0.9906170531566681,
0.06032517701492462,0.595873176475389,-0.8539722794640632,-0.24844645355780312,0.1944837103462295,-0.8289438551183875,0.7110768990304284,-0.28591271041175587,-0.43192754889941776,
0.38349070160534043,-0.8285402550861809,-0.8539722794640632,0.9597433443234467,-0.9977113902186099,0.005931478986840098,0.3497070284391298,-0.49836540835172977,-0.3814395503345956,
0.19339333419921348,-0.8285402550861809,-0.8539722794640632,0.9597433443234467,-0.9977113902186099,0.005931478986840098,0.5615445387857531,-0.28591271041175587,-0.24846075373623716,
-1.2694059079909334,-0.8285402550861809,1.9647386499036839,-0.04398356468559136,1.556992396706046,-1.7030330306740125,1.4001718591579728,-0.28591271041175587,1.511809260128582,
1.932784245965275,-0.8285402550861809,-0.8539722794640632,-1.6889804433392932,-0.9977113902186099,1.8527769150377982,0.3497070284391298,-0.28591271041175587,-1.4306143644576097,
2.455552006332124,-0.8285402550861809,-0.8539722794640632,-0.4343218070779954,-0.9977113902186099,1.9160250464094064,-1.9805055853737261,0.6549492376081285,-1.3690168581346227,
1.058336355897091,-0.8285402550861809,-0.8539722794640632,0.4485861221429179,-0.9977113902186099,-0.41656603857550206,0.1702681961455198,-0.6045917573217168,-0.8333539366160142,
-0.49380864897393556,-0.8285402550861809,0.9756358031897959,0.5972864049590711,0.041201483130750095,0.6902762604276391,-0.17864064442538913,-0.49836540835172977,0.31726737545970307,
-0.2770976501309507,-0.8285402550861809,-0.8539722794640632,0.15583244034861454,-0.9977113902186099,1.7465200543334953,0.15406885711901247,-0.6045917573217168,-0.04697277027500258,
0.04416690078540394,1.5364569217792687,-0.8539722794640632,-1.7493899332333562,0.909800770685133,0.3930100429810823,0.3958128395145719,0.13899268546819193,-0.7796399896914171,
1.3862543146726602,-0.26936969310953157,-0.8539722794640632,2.121464303824648,-0.9977113902186099,-0.5253528245346684,-2.2172651557611287,0.6549492376081285,-0.6907146044002493,
1.9898134561871132,-0.5224679474779097,1.0499346085767545,0.8668056675633505,-0.33348840561819937,-1.9168117147100479,-0.9088570036202203,-0.6045917573217168,-1.085551024762268,
1.352987275376588,-0.5695559948022592,1.189244868677302,-0.20197761517775506,0.4499540890386951,-1.9168117147100479,-0.2733444725803504,-0.6045917573217168,-1.0522903258740768,
-1.2988709999388832,-0.8285402550861809,1.9167540047579399,0.9132745059433985,0.36479729614120654,-1.8915124621614046,1.2095180998460124,-0.28591271041175587,2.0477146442593006,
0.4832918194935571,0.8489714308437671,-0.8539722794640632,2.121464303824648,-0.9977113902186099,-0.5253528245346684,-2.2172651557611287,0.6549492376081285,-0.20537038309466063,
0.1553738607179881,0.7842253657727867,0.8022719239535588,0.8668056675633505,0.02417012455125245,-1.2084326433480364,-1.457142324517363,-0.28591271041175587,-0.24109937254060487,
-1.1182785009030625,-0.8285402550861809,2.2418112783258843,-0.06257110003761085,1.216365225116092,-1.5752718053033636,0.9229144093770516,-0.28591271041175587,1.1258119190152185,
-0.6477875165728982,-0.8285402550861809,1.842455199370981,-1.0755917767226593,0.9949575635826216,0.8863454676796244,-0.0004479151338183483,0.13899268546819193,-0.01441527963016705,
1.8852599041137434,-0.8285402550861809,-0.8539722794640632,0.4485861221429179,-0.9977113902186099,-0.47222439418251694,-0.7443714073510769,-0.28591271041175587,-1.1153907980426394,
1.5620943795233275,-0.5460119711400844,0.36886222586296613,-0.9454790292585241,0.9779262050031239,-0.08261590493341131,-0.7468636133551554,-0.28591271041175587,-1.2325100173655408,
0.6971513578254499,-0.6048720302955212,0.6474827460640614,-1.7354492817193412,1.097145715059608,-0.08261590493341131,1.2344401598867918,-0.28591271041175587,-1.088474701262488,
-1.158198948058349,2.1144627026856577,-0.8539722794640632,-0.6480784636262162,1.0801143564801101,0.9584483374432583,-1.0434361278404274,-0.28591271041175587,0.9670639287294314,
-0.042327401384384046,0.32276250199416234,-0.47473879363479454,-1.0058885191525873,0.909800770685133,1.1153037032448476,0.13163900308231175,-0.28591271041175587,-0.5429511885387467,
-0.7570935028314213,-0.69904812494422,1.3285551287778499,1.099149859463591,-0.7081782943671489,-0.39885656179145207,0.36216805845951944,0.13899268546819193,0.8587227951761939,
2.0753572715198705,-0.8285402550861809,-0.8539722794640632,-1.9677934736195817,-0.31645704703870164,-0.09526553120773294,1.0101416195197788,-0.28591271041175587,-1.4975993723207905,
-1.2608515264576576,0.560557140982127,0.5700881571193127,0.03036657672248529,0.1944837103462295,-0.25971067277391413,0.10048642803133773,-0.28591271041175587,1.5224469013938169,
-1.080259027421837,-0.33293855699740327,1.681474454365904,-2.8135263321364565,-0.026923951187240634,1.0773548244218827,0.10173253103337697,0.13899268546819193,-0.08024257603931362,
2.3414935858884482,-0.8285402550861809,-0.8539722794640632,0.12330425348258142,0.17745235176673185,-0.677148339826528,-0.6471753731920385,-0.28591271041175587,-1.2734379041993245,
0.30745175464288965,-0.8285402550861809,0.8951454306872573,-0.5737283222181396,0.7054244677311606,-0.6139002084549198,0.13786951809250655,-0.28591271041175587,-0.665017637269022,
0.1553738607179881,-0.8285402550861809,0.8022719239535588,1.2850252129837831,0.8757380535261376,-1.1831333907993933,-0.34811065270268804,-0.28591271041175587,-0.14490593941690907,
-0.29895884738265543,1.13503131833919,-0.8539722794640632,0.9829777635134707,-0.9977113902186099,0.05147013357439826,-0.969916050720129,-0.6652925281617093,0.20115632265568176,
0.06412712436304695,0.595873176475389,-0.8539722794640632,-0.22985891820578364,0.1944837103462295,-0.83020881774582,0.7173074140406231,-0.28591271041175587,-0.43022494193374844,
-0.042327401384384046,0.32276250199416234,-0.47473879363479454,-1.0058885191525873,0.909800770685133,1.1153037032448476,0.13163900308231175,0.8067011647081099,-0.5429511885387467,
-0.2818500843161039,0.3133448925292925,0.32242547249611697,0.541523798903014,0.36479729614120654,-1.7523665731438665,0.6113886588673115,-0.28591271041175587,0.06258007241779993,
0.4642820827529444,1.1679929514662344,-0.8539722794640632,0.5833457534450576,0.3818286547207042,-2.0559576037275855,0.3783673974860253,-0.28591271041175587,-0.5111427494485882,
0.1335126634662834,-0.8285402550861809,0.6258122611595317,-0.5040250646480675,0.518079523356686,-0.23314645759783845,1.087400005646195,-0.6652925281617093,-0.5421425643856896,
-1.3501972891385374,1.6365190223435113,-0.8539722794640632,0.4485861221429179,-0.9977113902186099,0.9293541970123191,0.4356881355798178,4.752251269307625,1.9911946528714648,
-0.473848425396292,-0.8285402550861809,1.0282641236722248,-0.38785296869794733,0.1433896346077364,1.0482606839909436,0.08179488300075333,0.8067011647081099,0.0014453005095649417,
-0.776103239572034,0.7371373184484372,-0.8539722794640632,0.4485861221429179,-0.9977113902186099,-0.10285530697232621,0.42696541456554593,0.6549492376081285,0.6682492152553989,
-0.14878192713181504,0.4899250699956028,0.49269356817456406,-0.20197761517775506,0.7054244677311606,-0.8036446025697442,-0.3356496226822984,-0.28591271041175587,-0.25805577553901726,
0.4832918194935571,0.8489714308437671,-0.8539722794640632,2.121464303824648,-0.9977113902186099,-0.5253528245346684,-2.2172651557611287,3.3864839254077927,-0.20537038309466063,
0.6401221476036119,-0.8285402550861809,-0.8539722794640632,0.4485861221429179,-0.9977113902186099,1.0432008334812137,0.4618562986226363,0.6549492376081285,-0.6371737662333005,
0.8777438568612705,1.3987243833555465,-0.8539722794640632,-0.569081438380135,0.7224558263106583,-0.5999856195531658,-0.1898555714437395,0.13899268546819193,-0.9408080045332345,
-0.04422837505844521,-0.8285402550861809,-0.8539722794640632,0.4021172837628698,-0.9977113902186099,-0.06996627865908969,1.0475247095809477,2.0207165815079606,-0.19321487574697996,
-1.213327184606126,0.8666294485903981,0.8796665128983076,1.7497135967842639,0.7054244677311606,-0.6391994610035631,-1.419759234456194,-0.28591271041175587,2.1606826957700846,
-0.4339279782410055,-0.8285402550861809,-0.8539722794640632,0.495054960522966,-0.9977113902186099,-0.06996627865908969,1.4088945801722461,4.828127232857616,0.2153212578834094,
-1.4224342887528656,1.6082661939489016,1.6381334845568445,-0.15550877679770697,-0.1461434612437246,-1.3475785323655745,-0.4477988928658049,-0.28591271041175587,1.9297305450067712,
-0.41491824150039275,-0.8285402550861809,-0.8539722794640632,0.12330425348258142,-0.9977113902186099,1.8274776624891549,0.21263569821484418,-0.28591271041175587,0.08637145581513263,
-1.3501972891385374,1.6365190223435113,-0.8539722794640632,0.4485861221429179,-0.9977113902186099,0.9293541970123191,0.4356881355798178,0.6549492376081285,1.9911946528714648,
0.2694322811616643,-0.8285402550861809,-0.8539722794640632,0.4485861221429179,-0.9977113902186099,0.4866172774110621,0.7235379290508179,-0.28591271041175587,-0.4167299633406427,
1.0963558293783164,-0.6260616515914784,1.5916967311899954,-0.7131348373582838,2.544811194316913,-0.08261590493341131,-1.7312849849659342,-0.28591271041175587,-1.049603427994763,
1.5620943795233275,-0.5460119711400844,0.36886222586296613,-0.9454790292585241,0.9779262050031239,-0.08261590493341131,-0.7468636133551554,0.13899268546819193,-1.2325100173655408,
-0.6477875165728982,-0.8285402550861809,1.842455199370981,-1.28934843327088,0.9949575635826216,0.9963972162662232,0.04441179293958451,-0.6652925281617093,-0.08303976993771921,
0.06032517701492462,1.4316860164825913,-0.8539722794640632,0.4485861221429179,-0.9977113902186099,-0.5253528245346684,-0.6745896392368962,0.6549492376081285,-0.26603841075785933,
-1.0384376065924892,-0.6684408941833929,1.8145931473508716,-1.1871169888347735,-0.29942568845920403,0.4145144076474282,1.0525091215891031,0.8067011647081099,0.5074437516766563,
0.2979468862725833,-0.8285402550861809,0.8951454306872573,-0.20197761517775506,0.36479729614120654,0.36012101466784574,-1.0334673038241162,-0.28591271041175587,-0.5781007894727147,
-0.0632381117990579,1.290421874509543,1.0034978552099052,-0.9454790292585241,0.7735499020491515,-1.8156147045154747,-0.08642902227450634,-0.28591271041175587,-0.5131227416043407,
0.7351708313066753,-0.6048720302955212,1.3285551287778499,-1.3172297362989087,0.8587066949466401,-0.39885656179145207,0.36216805845951944,-0.6045917573217168,-1.0231213186440145,
1.1419791975557871,0.2862692653177916,-0.8539722794640632,-1.6239240696072257,0.9438634878441285,-0.33813835567470885,0.9989266925014285,-0.28591271041175587,-1.2209785325993214,
0.8777438568612705,1.3987243833555465,-0.8539722794640632,-0.569081438380135,0.7224558263106583,-0.5999856195531658,-0.1898555714437395,-0.6045917573217168,-0.9408080045332345,
0.5346181086932111,1.396369980989329,-0.8539722794640632,-0.3460310141559038,0.6202676748336722,-0.3647025708507831,-0.20107049846209127,-0.28591271041175587,-0.7407984940618332,
1.8377355622622116,-0.8285402550861809,-0.8539722794640632,2.121464303824648,-0.9977113902186099,-0.5253528245346684,-2.2172651557611287,4.828127232857616,-0.8605850818572055,
-1.2950690525907604,-0.8285402550861809,1.915206112979045,0.8993338544293836,0.3307345789822111,-1.8915124621614046,1.2057797908398962,-0.28591271041175587,2.028936273936144,
-1.4129294203825593,1.6435822294421636,-0.8539722794640632,0.6344614756631102,-0.4867706328336787,-0.31030917787120066,0.2874018783371818,-0.28591271041175587,2.3043701297092385,
0.5735880690114674,-0.38120380550486144,-0.8539722794640632,2.121464303824648,-0.9977113902186099,-0.5253528245346684,-1.2702268742115188,3.3864839254077927,-0.26603841075785933,
0.4832918194935571,0.8489714308437671,-0.8539722794640632,2.121464303824648,-0.9977113902186099,-0.5253528245346684,-2.2172651557611287,-0.28591271041175587,-0.20537038309466063,
-0.3008598210567166,-0.8285402550861809,0.6273601529384268,0.43929235446690884,-0.09504938550523151,-0.31157414049863313,1.0624779456054159,0.8067011647081099,0.054167439248502904,
-0.2628403475754912,-0.8285402550861809,-0.8539722794640632,0.7273991524232063,-0.9977113902186099,-0.06996627865908969,1.1347519197236748,2.0207165815079606,0.0934315956717228,
0.08313686110365964,-0.8285402550861809,0.6350996118329016,-0.6620191151402312,0.6032363162541745,-0.1559837373244762,1.1596739797644542,-0.6652925281617093,-0.5457192717568504,
-1.1182785009030625,1.0902976733810579,1.1273291975215032,0.6809303140431583,0.36479729614120654,-0.1585136625793411,-1.6315967448028172,-0.28591271041175587,1.4365505972901376,
2.3728596515104585,-0.8285402550861809,-0.8539722794640632,-1.8841495645354946,3.8051317291997426,-1.5360579638529663,1.5173055413496364,-0.6045917573217168,-1.539347607957798,
-1.0279822513851522,-0.23876246234870444,1.8316199569187164,-0.815366281794389,0.10932691744874097,0.41324944501999716,0.2687103333065974,-0.6652925281617093,0.6359395567189179,
-0.25333547920518484,0.3368889161914672,0.3379043902850667,0.3091796070027737,0.02417012455125245,-0.6897979661008495,-0.28580550260074,-0.28591271041175587,-0.028719361369464645,
-0.28755300533828765,-0.8285402550861809,0.9771836949686908,0.2859451878127497,0.09229555886924333,0.694071148309938,-0.17739454142334987,-0.6652925281617093,-0.0012492566073237187,
0.8872487252315768,0.27567445466981294,-0.8539722794640632,-2.590475907912226,2.987626517383853,-1.5360579638529663,2.749701410366168,-0.6652925281617093,-1.314139256667278,
-1.4129294203825593,1.52586211113129,-0.8539722794640632,0.4485861221429179,-0.9977113902186099,-0.5835411053965481,0.8381794052384028,-0.6652925281617093,2.2085785070831356,
1.352987275376588,-0.5695559948022592,1.189244868677302,-0.20197761517775506,0.4499540890386951,-1.9168117147100479,-0.2733444725803504,0.13899268546819193,-1.0522903258740768,
0.4880442536787103,-0.8285402550861809,-0.8539722794640632,0.4485861221429179,-0.9977113902186099,-0.5354725255541252,0.8805469073077272,0.6549492376081285,-0.5529817848405553,
2.227435165444772,-0.8285402550861809,-0.8539722794640632,-0.9454790292585241,0.41589137187969977,-2.182453866470802,0.37462908847990906,-0.28591271041175587,-1.3894550858002284,
-0.8264790419346577,-0.8285402550861809,0.7016589583253855,-0.5644345545421305,0.27964050324371803,0.3095225095705592,1.618239884514791,-0.28591271041175587,0.39485982588129953,
-0.6449360560618063,0.32629410554348853,-0.47473879363479454,-0.030042913171577725,0.1433896346077364,1.1696970962244302,0.16902209314348055,0.8067011647081099,0.3174444324715702,
-0.3008598210567166,-0.8285402550861809,0.6273601529384268,0.23482946559469706,-0.060986668346236075,-0.21037713030406008,1.1123220656869741,-0.49836540835172977,-0.0018898183122924282,
-0.14878192713181504,0.5134690936577775,-0.8539722794640632,2.121464303824648,-0.9977113902186099,-0.5253528245346684,-1.2702268742115188,2.0207165815079606,0.34064186587412654,
-1.3340390129090165,1.6671262531043383,-0.8539722794640632,0.9829777635134707,-0.9977113902186099,-0.021897698816668063,-0.2920360176109348,0.6549492376081285,2.1977146659466653,
-1.312177815657312,-0.8285402550861809,1.853290441823246,-1.112766847426697,2.050901795511479,-0.39000182339942635,0.9042228643464673,-0.28591271041175587,1.1239184904393786,
2.28446437566661,-0.8285402550861809,-0.8539722794640632,-1.6889804433392932,-0.9977113902186099,-0.9807393704102471,1.5459659103965318,-0.6045917573217168,-1.4985756394326122,
-0.28375105799016503,-0.8285402550861809,0.6923716076520158,-1.6843335595012887,1.1141770736391057,0.41071951976513227,1.5933178244740118,0.8067011647081099,-0.5413695807821652,
-0.7894100552904629,0.730074111349785,-0.8539722794640632,0.4485861221429179,-0.9977113902186099,0.06158983459385498,0.6674632939590648,-0.6652925281617093,0.6898037773496349,
-1.1372882376436753,1.690670276766513,1.6845702379236938,0.9132745059433985,0.7054244677311606,-1.942110967258691,-1.1456165740076227,-0.28591271041175587,1.5820894689821718,
-0.6458865428988372,0.32629410554348853,-0.47473879363479454,-0.030042913171577725,0.17745235176673185,1.1671671709695652,0.16777599014144132,-0.49836540835172977,0.3187110978021469,
2.455552006332124,-0.8285402550861809,-0.8539722794640632,-0.4343218070779954,-0.9977113902186099,1.9160250464094064,-1.9805055853737261,-0.49836540835172977,-1.3690168581346227,
-0.8683004627640054,-0.8285402550861809,1.0839882277124442,-0.9501259130965287,0.688393109151663,1.449253836886937,0.3821057064921431,-0.28591271041175587,0.32031823600797377,
-0.24858304502003167,1.1762333597479957,-0.8539722794640632,0.15583244034861454,-0.9977113902186099,0.6713018210161568,-0.5935929441043638,-0.28591271041175587,-0.0744770357391296,
0.1553738607179881,-0.8285402550861809,0.8022719239535588,0.16977309186262948,0.02417012455125245,-1.1957830170737147,0.5366224787449739,-0.28591271041175587,-0.40142176108009775,
0.9585352380088745,-0.8285402550861809,-0.8539722794640632,0.15583244034861454,-0.9977113902186099,0.9394738980317758,-0.40667749379851975,-0.6045917573217168,-0.843098415060166,
1.0288712639491413,1.396369980989329,-0.8539722794640632,-1.6936273271772977,2.7491874972708854,-0.3647025708507831,-0.20107049846209127,0.6701244303181266,-1.19757037950024,
-0.6031146352324586,-0.18578840910881134,1.0623177428079145,-1.9306184029155427,1.029020280741617,1.2923984710853504,0.2587415092902863,0.8067011647081099,-0.3341578735327613,
0.1743835974586008,-0.8285402550861809,1.0034978552099052,1.3779628897438791,0.7054244677311606,-1.2084326433480364,-0.5474871330289217,-0.28591271041175587,-0.1386355526651422,
2.3728596515104585,-0.8285402550861809,-0.8539722794640632,-1.8841495645354946,3.8051317291997426,-1.5360579638529663,1.5173055413496364,0.6701244303181266,-1.539347607957798,
-0.30941420258999236,-0.8285402550861809,0.6753447980841709,-1.1267074989407118,1.1823025079570966,0.18049632157247802,1.4587387002538046,-0.49836540835172977,-0.3679027325970113,
-0.6620448191283578,0.8348450166464625,-0.8539722794640632,0.9829777635134707,-0.9977113902186099,-0.001658296777753168,-0.2733444725803504,-0.6045917573217168,0.6679487368165007,
0.8777438568612705,-0.8285402550861809,-0.8539722794640632,0.35564844538282175,0.1944837103462295,0.4992669036853837,-0.5225650729881425,-0.28591271041175587,-0.7713349513216655,
1.3624921437468942,0.42282460255840487,-0.8539722794640632,-1.3404641554889327,1.8124627753985114,-1.5360579638529663,1.4350627432150647,-0.28591271041175587,-1.2390465132502766,
0.6401221476036119,-0.8285402550861809,-0.8539722794640632,0.4485861221429179,-0.9977113902186099,1.0432008334812137,0.4618562986226363,-0.28591271041175587,-0.6371737662333005,
0.5450734639005483,-0.8285402550861809,-0.8539722794640632,0.6809303140431583,-0.9977113902186099,-0.06996627865908969,0.11294745805172733,4.828127232857616,-0.5385076500416937,
-0.04327788822141435,-0.8285402550861809,0.6536743131796414,-1.0105354029905917,1.0119889221621194,0.004666516359407648,1.2917608979805841,-0.28591271041175587,-0.5434342644181719,
0.34547122812411507,-0.8285402550861809,1.0963713619436037,1.2850252129837831,0.02417012455125245,-1.423476290011504,-0.43533786284541526,-0.28591271041175587,-0.28607030668438715,
-1.2038223162358197,1.3375099218338924,1.3595129643557493,0.541523798903014,0.5351108819361836,-1.1831333907993933,-0.9088570036202203,-0.28591271041175587,1.5970571484474647,
-0.3312753998416968,-0.8285402550861809,1.0824403359335488,-1.8144463069654224,1.0460516393211148,1.4328093227303194,0.3609219554574802,0.13899268546819193,-0.5400646823848878,
0.2950954257614913,0.8748698568721592,-0.8539722794640632,-2.557947721046192,0.36479729614120654,0.3310268742369066,0.6263418948917796,-0.28591271041175587,-1.0927785223018471,
0.7351708313066753,-0.6048720302955212,1.3285551287778499,-1.3172297362989087,0.8587066949466401,-0.39885656179145207,0.36216805845951944,-0.28591271041175587,-1.0231213186440145,
-1.1562979743842878,0.6782772592930005,1.0344556907878049,-0.016102261657562778,0.09229555886924333,-1.8915124621614046,1.3341284000499085,-0.28591271041175587,1.2335993980418307,
-0.6744011480097561,2.8925926847205323,-0.8539722794640632,0.15583244034861454,-0.9977113902186099,0.04388035780980499,-1.029728994818,-0.28591271041175587,0.41773661863550027,
1.0165149350677434,0.31452209371240114,-0.8539722794640632,-1.136001266616721,1.0630829979006124,-1.5360579638529663,1.9160585020021037,-0.6652925281617093,-1.0952279679533394,
-0.06228762496202705,-0.8285402550861809,1.025168340114435,-1.0616511252086442,0.688393109151663,1.0128417304228408,0.06933385298036372,-0.28591271041175587,-0.5427494529621429,
-1.7075803398620562,0.9725775550701844,-0.8539722794640632,0.4485861221429179,-0.9977113902186099,-1.0945860068791418,2.119173291334454,-0.6652925281617093,3.6060092371580494,
-1.3007719736129442,-0.8285402550861809,1.2140111371396216,-0.07186486771361993,0.8927694121056353,0.07550442349560907,0.4930088736736103,-0.28591271041175587,1.587520666465833,
-0.006208901577219814,-0.8285402550861809,-0.8539722794640632,0.12330425348258142,-0.9977113902186099,1.650382894648652,0.025720247909000106,-0.28591271041175587,-0.29248621641174477,
-0.16303922968727455,0.4781530581645155,0.4849541092800892,0.6112270564730862,0.007138765971754807,-1.782725676202238,0.23008114024338933,-0.28591271041175587,-0.03523613160438649,
0.8967535936018832,-0.8285402550861809,-0.8539722794640632,1.4987818695320039,-0.9977113902186099,0.3790954540793282,-0.11882770032751959,0.8067011647081099,-0.571556789428781,
0.4832918194935571,0.8489714308437671,-0.8539722794640632,2.121464303824648,-0.9977113902186099,-0.5253528245346684,-2.2172651557611287,4.828127232857616,-0.20537038309466063,
-0.30941420258999236,-0.8285402550861809,0.6753447980841709,-1.1267074989407118,1.1823025079570966,0.18049632157247802,1.4587387002538046,0.13899268546819193,-0.3679027325970113,
-1.7075803398620562,0.9725775550701844,-0.8539722794640632,0.4485861221429179,-0.9977113902186099,-1.0945860068791418,2.119173291334454,-0.28591271041175587,3.6060092371580494,
0.7351708313066753,-0.6048720302955212,1.3285551287778499,-1.3172297362989087,0.8587066949466401,-0.39885656179145207,0.36216805845951944,0.13899268546819193,-1.0231213186440145,
-0.6572923849432046,-0.8285402550861809,0.7001110665464906,-1.0709448928846534,0.4840168061976904,0.43348884705891066,1.6406697385514932,-0.28591271041175587,-0.001739932596889269,
-1.5745121826777673,1.2080177916919315,-0.8539722794640632,0.4485861221429179,-0.9977113902186099,-0.8061745278246092,1.4948756873129343,0.6549492376081285,2.8824230248667573,
0.8777438568612705,1.3987243833555465,-0.8539722794640632,-0.569081438380135,0.7224558263106583,-0.5999856195531658,-0.1898555714437395,-0.28591271041175587,-0.9408080045332345,
-0.7428362002759618,2.765454956944789,-0.8539722794640632,0.9829777635134707,-0.9977113902186099,-0.12815455952096946,-1.7686680750271029,-0.6045917573217168,0.795652073348116,
0.04416690078540394,1.5364569217792687,-0.8539722794640632,-1.7493899332333562,0.909800770685133,0.3930100429810823,0.3958128395145719,-0.28591271041175587,-0.7796399896914171,
-0.6458865428988372,-0.8285402550861809,1.8501946582654558,-1.2800546655948697,0.739487184890156,1.0115767677954097,0.05562671995793487,-0.28591271041175587,-0.08221740976618332,
-0.6610943322913272,-0.8285402550861809,1.0282641236722248,-0.09509928690364397,-0.026923951187240634,1.0634402355201273,0.09176370701706445,0.13899268546819193,0.31811660807838477,
-1.2228320529764323,0.3722049516847293,-0.8539722794640632,0.4485861221429179,-0.9977113902186099,-1.0819363806048201,2.1328804243568826,-0.6652925281617093,1.6075330317820973,
-0.5964612273732439,-0.8285402550861809,1.0669614181445992,-1.1081199635886925,0.926832129264631,1.3303473499083154,0.2861557753351426,-0.6652925281617093,-0.08318902176381963,
-0.8644985154158831,-0.8285402550861809,1.087084011270234,-0.9408321454205196,0.3307345789822111,1.4732881268081492,0.39955114852068824,0.13899268546819193,0.3179748655017991,
0.19339333419921348,-0.8285402550861809,-0.8539722794640632,0.9597433443234467,-0.9977113902186099,0.005931478986840098,0.5615445387857531,2.0207165815079606,-0.24846075373623716,
2.0753572715198705,-0.8285402550861809,-0.8539722794640632,0.8203368291833024,-0.9977113902186099,1.9160250464094064,-1.9805055853737261,-0.28591271041175587,-1.1153907980426394,
1.8852599041137434,-0.8285402550861809,-0.8539722794640632,0.4485861221429179,-0.9977113902186099,-0.47222439418251694,-0.7443714073510769,-0.6652925281617093,-1.1153907980426394,
0.3274119782205332,1.6518226377239247,-0.8539722794640632,0.15583244034861454,-0.9977113902186099,0.04388035780980499,-1.029728994818,-0.28591271041175587,-0.5182780670576341,
1.8377355622622116,-0.8285402550861809,-0.8539722794640632,2.121464303824648,-0.9977113902186099,-0.5253528245346684,-2.2172651557611287,-0.28591271041175587,-0.8605850818572055,
-0.656341898106174,-0.8285402550861809,0.7001110665464906,-1.066298009046649,0.7735499020491515,0.38289034196162414,1.6431619445555703,-0.49836540835172977,-0.0013648658019951674,
-1.4119789335455286,1.645936631808381,-0.8539722794640632,0.6205208241490953,-0.469739274254181,-0.3052493273614723,0.2911401873432981,-0.28591271041175587,2.2936646422068847,
0.5450734639005483,-0.8285402550861809,-0.8539722794640632,0.12330425348258142,-0.9977113902186099,1.207645975047395,-0.223500352498792,-0.28591271041175587,-0.6512535421591422,
0.30745175464288965,0.8784014604214855,0.8951454306872573,-0.15550877679770697,0.36479729614120654,-1.3222792798169312,-1.0210062738037267,-0.28591271041175587,-0.5737257803554509,
0.9537828038237213,-0.8285402550861809,-0.8539722794640632,0.16977309186262948,-0.9977113902186099,1.7389302785689036,0.15033054811289615,-0.6045917573217168,-0.838573069726003,
0.9480798828015373,-0.8285402550861809,-0.8539722794640632,0.15583244034861454,-0.9977113902186099,1.6579726704132438,0.15406885711901247,-0.28591271041175587,-0.8386386534967138,
2.0753572715198705,-0.8285402550861809,-0.8539722794640632,0.8203368291833024,-0.9977113902186099,1.9160250464094064,-1.9805055853737261,-0.6652925281617093,-1.1153907980426394,
-1.1562979743842878,2.1144627026856577,-0.8539722794640632,-0.6666659989782358,1.0460516393211148,0.9546534495609624,-1.0459283338445058,-0.28591271041175587,0.9549056459640125,
-0.3008598210567166,-0.8285402550861809,-0.8539722794640632,-0.016102261657562778,-0.9977113902186099,1.5997843895513655,0.5989276288469219,-0.6045917573217168,-0.07068736168235983,
-0.14688095345775387,0.493456673544929,0.5004330270690389,-0.2066244990157596,0.7735499020491515,-0.8074394904520402,-0.3418801376924932,-0.28591271041175587,-0.2608535962224053,
-0.6458865428988372,-0.8285402550861809,1.8501946582654558,-1.2800546655948697,0.739487184890156,1.0115767677954097,0.05562671995793487,-0.6652925281617093,-0.08221740976618332,
0.2979468862725833,0.8784014604214855,-0.8539722794640632,-0.20197761517775506,0.36479729614120654,-1.3475785323655745,0.6487717489284803,-0.28591271041175587,-0.5781007894727147,
0.05082030864461827,0.595873176475389,0.6010459926972123,0.26271076862272563,0.5351108819361836,-0.879542360215674,-0.9462400936813891,-0.28591271041175587,-0.30303111055249266,
-0.0822478485396706,-0.8285402550861809,0.5391303215414133,0.7738679908032544,0.8757380535261376,-0.53800245080899,-0.12381211233567514,-0.28591271041175587,-0.06770062801278703,
-1.3501972891385374,1.6365190223435113,-0.8539722794640632,0.4485861221429179,-0.9977113902186099,0.9293541970123191,0.4356881355798178,-0.6652925281617093,1.9911946528714648,
0.5450734639005483,-0.8285402550861809,-0.8539722794640632,0.6809303140431583,-0.9977113902186099,-0.06996627865908969,0.11294745805172733,-0.6652925281617093,-0.5385076500416937,
-1.0897638957921434,0.0590694369778057,1.731006991290543,-0.852541352498428,0.3477659375617089,0.42716403392174984,-0.02287776917051907,-0.49836540835172977,0.7384352209112667,
0.30079834678367534,2.2580812470249234,-0.8539722794640632,-0.3181497111278752,0.4669854476181927,0.9280892343848881,-1.9954588213981943,-0.28591271041175587,-0.6052507231070713,
0.06983004538523097,-0.8285402550861809,-0.8539722794640632,0.4485861221429179,-0.9977113902186099,-0.7631657984919145,1.5372431893822585,-0.28591271041175587,-0.2733857497482121,
-0.06228762496202705,-0.8285402550861809,1.025168340114435,-1.0616511252086442,0.688393109151663,1.0128417304228408,0.06933385298036372,-0.49836540835172977,-0.5427494529621429,
0.7351708313066753,-0.6048720302955212,1.3285551287778499,-1.3172297362989087,0.8587066949466401,-0.39885656179145207,0.36216805845951944,-0.6652925281617093,-1.0231213186440145,
-0.08414882221373175,1.312788696988609,-0.8539722794640632,0.15583244034861454,-0.9977113902186099,0.49167712792079044,-0.7182032443082599,-0.28591271041175587,-0.22128239694840662,
-0.28089959747907334,0.31452209371240114,0.316233905380537,0.532230031227005,0.41589137187969977,-1.7460417600067057,0.6163730708754671,-0.28591271041175587,0.05908061095170587,
-0.8711519232750975,1.4081419928204164,-0.8539722794640632,2.121464303824648,-0.9977113902186099,-0.5253528245346684,-1.2702268742115188,-0.28591271041175587,1.4326663638117012,
1.3862543146726602,-0.26936969310953157,-0.8539722794640632,2.121464303824648,-0.9977113902186099,-0.5253528245346684,-2.2172651557611287,4.828127232857616,-0.6907146044002493,
0.7066562261957563,-0.8285402550861809,1.3440340465667995,0.495054960522966,0.8757380535261376,-2.182453866470802,0.07556436799055852,-0.28591271041175587,-0.6626812039772263,
-0.4244231098706991,0.25448483337385575,0.24503088355136826,3.0043722330455616,0.02417012455125245,-1.5246733002060773,-0.9587011237017786,-0.28591271041175587,0.9300432738678589,
-0.7428362002759618,2.765454956944789,-0.8539722794640632,0.9829777635134707,-0.9977113902186099,-0.12815455952096946,-1.7686680750271029,-0.6652925281617093,0.795652073348116,
2.312978980777529,-0.8285402550861809,-0.8539722794640632,0.3091796070027737,-0.9977113902186099,1.9160250464094064,-1.9805055853737261,0.6549492376081285,-1.2427936561353565,
-0.6572923849432046,-0.8285402550861809,0.7001110665464906,-1.0709448928846534,0.4840168061976904,0.43348884705891066,1.6406697385514932,-0.49836540835172977,-0.001739932596889269,
-0.49095718846284353,-0.8285402550861809,0.9771836949686908,0.6112270564730862,-0.21426889556171547,0.7067207745842596,-0.1661796144049995,-0.6652925281617093,0.31789135550042713,
-0.08604979588779292,-0.8285402550861809,0.5329387544258333,0.7599273392892394,0.8076126192081469,-0.5342075629266941,-0.12131990633159666,-0.28591271041175587,-0.06779906504621575,
-1.2722573685020253,1.2327390165372147,-0.8539722794640632,-0.5179657161620824,-0.6230215014696603,0.3348217621192025,0.7048463840202336,-0.28591271041175587,1.2999191368409397,
0.06032517701492462,1.4316860164825913,-0.8539722794640632,0.4485861221429179,-0.9977113902186099,-0.5253528245346684,-0.6745896392368962,-0.28591271041175587,-0.26603841075785933,
1.0288712639491413,1.396369980989329,-0.8539722794640632,-1.6936273271772977,2.7491874972708854,-0.3647025708507831,-0.20107049846209127,-0.28591271041175587,-1.19757037950024,
-1.647699669129126,1.0832344662824056,-0.8539722794640632,0.9829777635134707,-0.9977113902186099,-0.4469251416338737,0.9602974994382204,-0.6045917573217168,3.5954563416829863,
-0.8644985154158831,-0.8285402550861809,1.087084011270234,-0.9408321454205196,0.3307345789822111,1.4732881268081492,0.39955114852068824,-0.49836540835172977,0.3179748655017991,
0.7693883574397784,1.396369980989329,-0.8539722794640632,-0.8107193979563845,0.9779262050031239,-0.3647025708507831,-0.20107049846209127,-0.6045917573217168,-0.9409409385748126,
1.352987275376588,-0.5695559948022592,1.189244868677302,-0.6666659989782358,0.518079523356686,-1.9168117147100479,-0.2733444725803504,0.13899268546819193,-1.1274099355985563,
0.15632434755501895,-0.8285402550861809,0.8022719239535588,0.188360627214649,0.041201483130750095,-1.1957830170737147,0.5391146847490523,-0.28591271041175587,-0.3978148210628615,
2.0753572715198705,-0.8285402550861809,-0.8539722794640632,-1.456636251439053,0.5351108819361836,0.7522594291718163,-1.457142324517363,-0.28591271041175587,-1.4275278003697962,
-0.20676162419068397,0.35572413512120693,0.3595748751895964,-0.545847019190111,0.7735499020491515,-0.47854920731967776,-0.1125971853173248,-0.28591271041175587,-0.29871837948755453,
-0.3312753998416968,-0.8285402550861809,1.0824403359335488,-1.8144463069654224,1.0460516393211148,1.4328093227303194,0.3609219554574802,0.8067011647081099,-0.5400646823848878,
1.0165149350677434,0.31452209371240114,-0.8539722794640632,-1.136001266616721,1.0630829979006124,-1.5360579638529663,1.9160585020021037,0.6701244303181266,-1.0952279679533394,
1.8377355622622116,0.5699747504469967,-0.8539722794640632,-0.057924216199606304,0.518079523356686,-1.5360579638529663,0.11917797306192214,-0.28591271041175587,-1.1750689789387019,
1.5620943795233275,-0.5460119711400844,0.36886222586296613,-0.9454790292585241,0.9779262050031239,-0.08261590493341131,-0.7468636133551554,0.13899268546819193,-1.2325100173655408,
0.30079834678367534,2.2580812470249234,-0.8539722794640632,-0.3181497111278752,0.4669854476181927,0.9280892343848881,-1.9954588213981943,-0.6652925281617093,-0.6052507231070713,
-0.06228762496202705,-0.8285402550861809,1.025168340114435,-1.0616511252086442,0.688393109151663,1.0128417304228408,0.06933385298036372,-0.6652925281617093,-0.5427494529621429,
-1.2703563948279641,-0.8285402550861809,1.2666394576220508,-1.1313543827787165,1.7273059825010229,0.36012101466784574,0.7235379290508179,-0.28591271041175587,1.010859603910138,
-0.6620448191283578,-0.8285402550861809,1.0777966605968643,-1.0848855443986682,0.3307345789822111,1.415099845946271,0.34347651342893504,0.13899268546819193,-0.0006157897313653981,
1.352987275376588,-0.5695559948022592,1.189244868677302,-0.6666659989782358,0.518079523356686,-1.9168117147100479,-0.2733444725803504,-0.6652925281617093,-1.1274099355985563,
-1.2038223162358197,-0.8285402550861809,1.3595129643557493,0.495054960522966,0.5351108819361836,0.9293541970123191,-0.9337790636609994,-0.28591271041175587,1.5765083003679945,
-0.28755300533828765,-0.8285402550861809,0.9771836949686908,0.49040807668496145,-0.009892592607742988,0.8863454676796244,-0.21976204349267567,-0.49836540835172977,0.054495828476999665,
1.7807063520403736,0.5511395315172571,-0.8539722794640632,-2.0700249180556867,4.486386072379652,-1.5360579638529663,0.8543787442649088,-0.28591271041175587,-1.4535924149412165,
0.9347730670831086,0.2898008688671178,-0.8539722794640632,2.121464303824648,-0.9977113902186099,-0.5253528245346684,-2.2172651557611287,2.0207165815079606,-0.47837650757905437,
-0.8521421865344848,2.5617991522669774,-0.8539722794640632,0.4485861221429179,-0.9977113902186099,-0.5531820023381766,-0.6957733902715577,-0.6652925281617093,0.795652073348116,
1.5620943795233275,-0.5460119711400844,0.36886222586296613,-0.9454790292585241,0.9779262050031239,-0.08261590493341131,-0.7468636133551554,-0.6045917573217168,-1.2325100173655408,
-0.9291316203339661,0.6147083954051287,-0.8539722794640632,0.9829777635134707,-0.9977113902186099,-0.18128298987311947,0.3497070284391298,-0.28591271041175587,1.1351159149219674,
-0.5631941880771717,-0.8285402550861809,0.6428390707273766,0.32312025851678866,-0.23130025414121314,-0.08135094230597886,1.2257174388725185,0.13899268546819193,0.3216149102558348,
1.5620943795233275,-0.5460119711400844,0.36886222586296613,-0.9454790292585241,0.9779262050031239,-0.08261590493341131,-0.7468636133551554,-0.6045917573217168,-1.2325100173655408,
1.467045695820264,-0.8285402550861809,-0.8539722794640632,1.6567759200241676,-0.9977113902186099,-1.7093578438111734,-0.6509136821981548,-0.28591271041175587,-0.7968836528108469,
0.39964897783486114,2.500584690745323,-0.8539722794640632,0.06754164742652427,0.7565185434696539,-0.39000182339942635,-1.396083277417454,0.13899268546819193,-0.5809049120682501,
-1.2446932502281371,-0.8285402550861809,2.0142711868283234,-0.7270754888722988,1.6591805481830322,1.277218919556164,-1.1705386340484019,-0.28591271041175587,1.1338149349080815,
-1.171505763776778,-0.8285402550861809,2.1628687976022407,1.7357729452702488,0.8757380535261376,-0.9592350057438997,-0.735648686336805,-0.28591271041175587,2.028258639175697,
-1.2228320529764323,1.9849705725436968,-0.8539722794640632,0.8203368291833024,0.02417012455125245,0.36012101466784574,-1.0957724539260643,-0.28591271041175587,1.774072715563426,
0.06983004538523097,-0.8285402550861809,-0.8539722794640632,0.4485861221429179,-0.9977113902186099,-0.7631657984919145,1.5372431893822585,-0.6652925281617093,-0.2733857497482121,
-0.28755300533828765,-0.8285402550861809,0.9771836949686908,0.2859451878127497,0.09229555886924333,0.694071148309938,-0.17739454142334987,-0.28591271041175587,-0.0012492566073237187,
-1.2228320529764323,0.8784014604214855,0.8951454306872573,-0.20197761517775506,0.36479729614120654,-1.3475785323655745,0.6487717489284803,-0.28591271041175587,1.316088585164771,
-0.8264790419346577,-0.8285402550861809,0.7016589583253855,-0.7781912110903514,0.27964050324371803,0.4157793702748606,1.6693301075983886,-0.28591271041175587,0.31960903656099937,
-0.656341898106174,-0.8285402550861809,0.7001110665464906,-1.066298009046649,0.7735499020491515,0.38289034196162414,1.6431619445555703,0.13899268546819193,-0.0013648658019951674,
0.24091767605074524,-0.8285402550861809,-0.8539722794640632,0.495054960522966,-0.9977113902186099,-0.06996627865908969,0.4992393886838051,2.0207165815079606,-0.38707804249632566,
-0.5964612273732439,-0.8285402550861809,1.0669614181445992,-1.1081199635886925,0.926832129264631,1.3303473499083154,0.2861557753351426,0.8067011647081099,-0.08318902176381963,
1.5620943795233275,-0.5460119711400844,0.36886222586296613,-0.9454790292585241,0.9779262050031239,-0.08261590493341131,-0.7468636133551554,-0.6652925281617093,-1.2325100173655408,
-1.1943174478655132,2.0320586198680464,-0.8539722794640632,-0.10903993841765891,0.8757380535261376,0.6131135401542783,-0.9213180336406098,-0.28591271041175587,1.2856630660124113,
0.06983004538523097,-0.8285402550861809,-0.8539722794640632,0.4485861221429179,-0.9977113902186099,-0.7631657984919145,1.5372431893822585,-0.6045917573217168,-0.2733857497482121,
-1.3844148152716402,1.4787740638069407,0.6629616638530111,0.7738679908032544,0.02417012455125245,-1.600571057852007,0.13786951809250655,-0.28591271041175587,2.2710895843483314,
-0.41967067568554595,1.9673125547970658,-0.8539722794640632,2.121464303824648,-0.9977113902186099,-0.5253528245346684,-2.2172651557611287,4.828127232857616,0.6682492152553989,
-1.3463953417904149,1.1020696852121452,1.1273291975215032,2.539683849245081,0.02417012455125245,-1.3222792798169312,-1.4446812944969731,-0.28591271041175587,3.002451579596965,
-0.473848425396292,-0.8285402550861809,1.0282641236722248,-0.38785296869794733,0.1433896346077364,1.0482606839909436,0.08179488300075333,-0.28591271041175587,0.0014453005095649417,
0.6401221476036119,-0.8285402550861809,-0.8539722794640632,0.4485861221429179,-0.9977113902186099,0.9293541970123191,0.4244732085614675,-0.6045917573217168,-0.6371737662333005,
-0.04327788822141435,-0.8285402550861809,0.6536743131796414,-1.0105354029905917,1.0119889221621194,0.004666516359407648,1.2917608979805841,0.13899268546819193,-0.5434342644181719,
-1.0916648694662046,2.116817105051875,-0.8539722794640632,0.9829777635134707,-0.9977113902186099,0.026170881025754995,-0.9886075957507134,0.6549492376081285,1.496444173468427,
0.6401221476036119,-0.8285402550861809,-0.8539722794640632,0.4485861221429179,-0.9977113902186099,1.0432008334812137,0.4618562986226363,-0.6652925281617093,-0.6371737662333005,
1.8377355622622116,-0.8285402550861809,0.0592838700839714,-1.8748557968594854,-0.6741155772081535,1.5744851370027222,-1.6315967448028172,-0.28591271041175587,-1.4372506500663458,
-0.04327788822141435,-0.8285402550861809,0.6536743131796414,-1.0105354029905917,1.0119889221621194,0.004666516359407648,1.2917608979805841,-0.49836540835172977,-0.5434342644181719,
0.2694322811616643,-0.8285402550861809,-0.8539722794640632,0.4485861221429179,-0.9977113902186099,-0.04466702611044642,0.9727585294586101,-0.28591271041175587,-0.4167299633406427,
-0.41396775466336216,-0.8285402550861809,0.6025938844761071,0.2023012787286626,0.1944837103462295,-0.2989245142243115,0.9353754393974413,-0.6652925281617093,0.10807259981119305,
-1.3112273288202814,1.1750561585648867,1.198532219350672,0.4299985867908984,0.4499540890386951,-2.0167437622771884,0.4157504875471942,-0.28591271041175587,1.8573425574540925,
0.2979468862725833,-0.8285402550861809,-0.8539722794640632,-0.20197761517775506,0.36479729614120654,0.3348217621192025,0.6238496888877011,-0.28591271041175587,-0.5781007894727147,
0.3739858332350341,1.1020696852121452,-0.8539722794640632,0.35564844538282175,-0.1461434612437246,-1.3096296535426095,0.025720247909000106,-0.28591271041175587,-0.5041745941087323,
-1.2057232899098809,-0.8285402550861809,1.3564171807979595,0.508995612036981,0.5521422405156813,0.9344140475220489,-0.9375173726671158,-0.28591271041175587,1.5878048570318382,
-1.2513466580873513,1.959072146515305,-0.8539722794640632,-0.3971467363739564,1.029020280741617,1.2114408629296909,-1.2104139301136492,-0.28591271041175587,1.3010167437825606,
-0.8711519232750975,1.4081419928204164,-0.8539722794640632,2.121464303824648,-0.9977113902186099,-0.5253528245346684,-1.2702268742115188,4.828127232857616,1.4326663638117012,
-0.6744011480097561,2.8925926847205323,-0.8539722794640632,0.15583244034861454,-0.9977113902186099,0.04388035780980499,-1.029728994818,-0.6045917573217168,0.41773661863550027,
-1.0327346855703055,0.5370131173199523,-0.8539722794640632,0.4485861221429179,-0.9977113902186099,-0.33813835567470885,1.0574935335972588,0.6549492376081285,1.145457608573784,
0.02230570353369923,0.5841011646443016,-0.8539722794640632,-0.6666659989782358,0.1944837103462295,-0.04466702611044642,0.2749408483167922,-0.28591271041175587,-0.5052926043592059,
-0.41396775466336216,-0.8285402550861809,-0.8539722794640632,0.15583244034861454,-0.9977113902186099,1.8375973635086116,0.21637400722096048,-0.28591271041175587,0.09469556725210879,
2.312978980777529,-0.8285402550861809,-0.8539722794640632,0.3091796070027737,-0.9977113902186099,1.9160250464094064,-1.9805055853737261,-0.28591271041175587,-1.2427936561353565,
-0.29895884738265543,1.13503131833919,-0.8539722794640632,0.9829777635134707,-0.9977113902186099,0.05147013357439826,-0.969916050720129,-0.28591271041175587,0.20115632265568176,
0.2694322811616643,-0.8285402550861809,-0.8539722794640632,0.4485861221429179,-0.9977113902186099,-0.032017399836124796,0.9802351474708441,-0.6652925281617093,-0.4167299633406427,
0.3274119782205332,1.6518226377239247,-0.8539722794640632,0.15583244034861454,-0.9977113902186099,0.04388035780980499,-1.029728994818,-0.6045917573217168,-0.5182780670576341,
-1.184812579495207,1.9496545370504348,-0.8539722794640632,0.4485861221429179,-0.9977113902186099,-0.48234409520197513,0.11543966405580583,0.6549492376081285,1.505699849342558,
-0.3312753998416968,-0.8285402550861809,1.0824403359335488,-1.8144463069654224,1.0460516393211148,1.4328093227303194,0.3609219554574802,-0.49836540835172977,-0.5400646823848878,
-0.6344807008544694,-0.19520601857368125,1.03290779900891,-1.242879594890832,0.6372990334131697,0.5157114178420013,0.10796304604357178,-0.49836540835172977,-0.08324386486711458,
-1.1658028427545943,1.6318102176110763,1.6381334845568445,0.8668056675633505,0.1944837103462295,-1.5879214315776853,-1.2826879042319084,-0.28591271041175587,1.636991702262285,
-0.6610943322913272,-0.8285402550861809,1.0282641236722248,-0.09509928690364397,-0.026923951187240634,1.0634402355201273,0.09176370701706445,0.8067011647081099,0.31811660807838477,
-1.0897638957921434,0.0590694369778057,1.731006991290543,-0.852541352498428,0.3477659375617089,0.42716403392174984,-0.02287776917051907,-0.6652925281617093,0.7384352209112667,
1.058336355897091,-0.8285402550861809,-0.8539722794640632,0.4485861221429179,-0.9977113902186099,-0.42415581434009536,-0.17365623241723357,-0.6652925281617093,-0.8333539366160142,
0.8872487252315768,0.27567445466981294,-0.8539722794640632,-2.590475907912226,2.987626517383853,-1.5360579638529663,2.749701410366168,-0.6045917573217168,-1.314139256667278,
-0.8264790419346577,-0.8285402550861809,0.7016589583253855,-0.7781912110903514,0.27964050324371803,0.4157793702748606,1.6693301075983886,0.13899268546819193,0.31960903656099937,
-0.06228762496202705,-0.8285402550861809,1.025168340114435,-1.0616511252086442,0.688393109151663,1.0128417304228408,0.06933385298036372,0.13899268546819193,-0.5427494529621429,
-0.656341898106174,-0.8285402550861809,0.7001110665464906,-1.066298009046649,0.7735499020491515,0.38289034196162414,1.6431619445555703,-0.28591271041175587,-0.0013648658019951674,
-1.1087736325327562,0.6841632652085442,1.190792760456197,-0.3367372464798947,0.3818286547207042,0.4081895945102674,-0.31571197464967476,0.8067011647081099,0.9906170531566681,
-0.042327401384384046,0.32276250199416234,-0.47473879363479454,-1.0058885191525873,0.909800770685133,1.1153037032448476,0.13163900308231175,0.13899268546819193,-0.5429511885387467,
-1.2228320529764323,0.3722049516847293,-0.8539722794640632,0.4485861221429179,-0.9977113902186099,-1.0819363806048201,2.1328804243568826,-0.28591271041175587,1.6075330317820973,
-1.3463953417904149,0.7371373184484372,0.7403562527977599,0.8203368291833024,0.1944837103462295,-0.7277468449238145,-0.23596138251918158,-0.28591271041175587,2.1606826957700846,
1.0963558293783164,-0.8285402550861809,-0.8539722794640632,0.15583244034861454,-0.9977113902186099,0.8483965888566596,-0.46898264390046773,-0.6045917573217168,-0.8995761328855814,
-1.0384376065924892,-0.6684408941833929,1.8145931473508716,-1.1871169888347735,-0.29942568845920403,0.4145144076474282,1.0525091215891031,-0.6652925281617093,0.5074437516766563,
-0.006208901577219814,-0.8285402550861809,-0.8539722794640632,0.16977309186262948,-0.9977113902186099,1.650382894648652,0.025720247909000106,-0.28591271041175587,-0.28115144256007957,
0.06983004538523097,-0.8285402550861809,-0.8539722794640632,0.4485861221429179,-0.9977113902186099,-0.7631657984919145,1.5372431893822585,0.6549492376081285,-0.2733857497482121,
-1.0717046458885613,-0.3317613558142945,1.0700572017023893,-1.1174137312647014,0.8416753363671424,1.3569115650843897,0.3023551143616499,-0.49836540835172977,0.5957600816691938,
-1.0983182773254192,-0.8285402550861809,1.6737349954714291,-0.27168087274782715,-0.23130025414121314,1.076089861794449,0.10173253103337697,-0.6652925281617093,0.99507858210252,
2.455552006332124,-0.8285402550861809,-0.8539722794640632,-0.4343218070779954,-0.9977113902186099,1.9160250464094064,-1.9805055853737261,-0.28591271041175587,-1.3690168581346227,
-0.3008598210567166,-0.8285402550861809,0.6273601529384268,0.23482946559469706,-0.060986668346236075,-0.21037713030406008,1.1123220656869741,0.13899268546819193,-0.0018898183122924282,
1.058336355897091,-0.8285402550861809,-0.8539722794640632,0.4485861221429179,-0.9977113902186099,-0.41656603857550206,0.1702681961455198,-0.28591271041175587,-0.8333539366160142,
0.9537828038237213,-0.8285402550861809,-0.8539722794640632,0.16977309186262948,-0.9977113902186099,0.9293541970123191,-0.4104158028046361,-0.6045917573217168,-0.838573069726003,
-0.14878192713181504,0.5134690936577775,-0.8539722794640632,2.121464303824648,-0.9977113902186099,-0.5253528245346684,-1.2702268742115188,4.828127232857616,0.34064186587412654,
0.6496270159739181,-0.8285402550861809,-0.8539722794640632,0.16977309186262948,-0.9977113902186099,0.9673030758352841,-0.024123872172558312,-0.28591271041175587,-0.6967814071665691,
0.6401221476036119,-0.8285402550861809,-0.8539722794640632,0.4485861221429179,-0.9977113902186099,0.9293541970123191,0.4244732085614675,0.6549492376081285,-0.6371737662333005,
1.352987275376588,-0.5695559948022592,1.189244868677302,-0.6666659989782358,0.518079523356686,-1.9168117147100479,-0.2733444725803504,-0.6045917573217168,-1.1274099355985563,
0.38824313579049363,0.9207807030134,-0.8539722794640632,0.16047932418662042,0.4499540890386951,-0.2850099253225574,-0.7780161884061294,-0.28591271041175587,-0.5544231748126914,
0.2694322811616643,-0.8285402550861809,-0.8539722794640632,0.4485861221429179,-0.9977113902186099,-0.04466702611044642,0.9727585294586101,4.752251269307625,-0.4167299633406427,
-0.7570935028314213,-0.69904812494422,1.3285551287778499,1.099149859463591,-0.7081782943671489,-0.39885656179145207,0.36216805845951944,-0.6652925281617093,0.8587227951761939,
1.0013071456752531,-0.5931000184644338,0.6010459926972123,-1.1778232211587645,1.3696474523315711,-0.4494550668887386,0.910453379356662,-0.6652925281617093,-1.0972844487012974,
-0.5964612273732439,-0.8285402550861809,1.0669614181445992,-1.1081199635886925,0.926832129264631,1.3303473499083154,0.2861557753351426,0.13899268546819193,-0.08318902176381963,
-0.6344807008544694,-0.19520601857368125,1.03290779900891,-1.242879594890832,0.6372990334131697,0.5157114178420013,0.10796304604357178,-0.6652925281617093,-0.08324386486711458,
0.8872487252315768,-0.8285402550861809,-0.8539722794640632,0.16977309186262948,-0.9977113902186099,0.8155075605434244,-0.17365623241723357,-0.6045917573217168,-0.8096239386201186,
1.8377355622622116,0.5699747504469967,-0.8539722794640632,-0.057924216199606304,0.518079523356686,-1.5360579638529663,0.11917797306192214,0.13899268546819193,-1.1750689789387019,
-0.9852103437187736,0.6994668805889579,0.9818273703053757,-0.11368682225566346,-0.38458248135669243,0.42716403392174984,-0.3132197686455977,-0.49836540835172977,0.8296500270526335,
0.316956623013196,0.7842253657727867,-0.8539722794640632,-1.7354492817193412,0.007138765971754807,1.9792731777810144,-0.3356496226822984,-0.28591271041175587,-0.9232753771091774,
-1.3340390129090165,1.6671262531043383,-0.8539722794640632,0.9829777635134707,-0.9977113902186099,-0.021897698816668063,-0.2920360176109348,-0.6652925281617093,2.1977146659466653,
-1.2608515264576576,0.9725775550701844,2.148937771592186,0.4485861221429179,0.36479729614120654,-0.4874039457117035,-1.8558952851698303,-0.28591271041175587,1.7148337676412087,
-0.7428362002759618,0.768921750392373,-0.8539722794640632,0.15583244034861454,-0.9977113902186099,1.2987232842225114,-0.15745689339072766,-0.6045917573217168,0.517056142875098,
1.0013071456752531,-0.5931000184644338,0.6010459926972123,-1.1778232211587645,0.9779262050031239,-0.4494550668887386,0.910453379356662,-0.6045917573217168,-1.0972844487012974,
-1.1753077111249006,-0.8285402550861809,2.164416689381136,1.7497135967842639,0.8757380535261376,-0.9554401178616039,-0.7344025833347658,-0.28591271041175587,2.045490238181732,
-0.5099669252034562,3.1986649923288035,-0.8539722794640632,0.15583244034861454,-0.9977113902186099,-0.22429171920581414,-1.216644445123844,-0.28591271041175587,0.20473750127334275,
-0.14878192713181504,0.5134690936577775,-0.8539722794640632,2.121464303824648,-0.9977113902186099,-0.5253528245346684,-1.2702268742115188,0.6549492376081285,0.34064186587412654,
1.352987275376588,-0.5695559948022592,1.189244868677302,-0.20197761517775506,0.4499540890386951,-1.9168117147100479,-0.2733444725803504,-0.28591271041175587,-1.0522903258740768,
-0.28755300533828765,-0.8285402550861809,0.9771836949686908,0.49040807668496145,-0.009892592607742988,0.8863454676796244,-0.21976204349267567,-0.28591271041175587,0.054495828476999665,
1.3862543146726602,-0.26936969310953157,-0.8539722794640632,2.121464303824648,-0.9977113902186099,-0.5253528245346684,-2.2172651557611287,-0.28591271041175587,-0.6907146044002493,
0.08123588742959847,1.4493440342292223,-0.8539722794640632,0.15583244034861454,-0.9977113902186099,0.3120524348254241,-0.8428135445121558,-0.28591271041175587,-0.35128096168711237,
-1.2171291319542485,0.8689838509566155,0.8843101882349924,1.7543604806222683,0.7224558263106583,-0.6366695357486981,-1.4210053374582332,-0.28591271041175587,2.1746055341498223,
-0.28755300533828765,-0.8285402550861809,0.9771836949686908,0.49040807668496145,-0.009892592607742988,0.8863454676796244,-0.21976204349267567,-0.6652925281617093,0.054495828476999665,
0.9480798828015373,-0.8285402550861809,-0.8539722794640632,0.15583244034861454,-0.9977113902186099,1.6579726704132438,0.15406885711901247,-0.6045917573217168,-0.8386386534967138,
2.3728596515104585,-0.8285402550861809,-0.8539722794640632,-1.8841495645354946,3.8051317291997426,-1.5360579638529663,1.5173055413496364,-0.28591271041175587,-1.539347607957798,
-0.28375105799016503,-0.8285402550861809,0.6923716076520158,-1.6843335595012887,1.1141770736391057,0.41071951976513227,1.5933178244740118,-0.6652925281617093,-0.5413695807821652,
-0.4339279782410055,1.0196656023945339,-0.8539722794640632,0.4485861221429179,-0.9977113902186099,-0.011777997797209897,-0.28455939959870075,-0.28591271041175587,0.201825192407486,
0.30079834678367534,2.2580812470249234,-0.8539722794640632,-0.3181497111278752,0.4669854476181927,0.9280892343848881,-1.9954588213981943,-0.6045917573217168,-0.6052507231070713,
0.6401221476036119,-0.8285402550861809,-0.8539722794640632,0.4485861221429179,-0.9977113902186099,1.0432008334812137,0.4618562986226363,1.1102050189080725,-0.6371737662333005,
0.3768372937461261,1.1044240875783626,-0.8539722794640632,0.3788828645728458,-0.21426889556171547,-1.3096296535426095,0.025720247909000106,-0.28591271041175587,-0.5009783218065205,
-1.5117800514337454,1.3363327206507838,-0.8539722794640632,0.9829777635134707,-0.9977113902186099,-0.1939326161474411,0.3509531314411691,-0.6652925281617093,2.8973835618678567,
-1.0983182773254192,-0.8285402550861809,1.6737349954714291,-0.27168087274782715,-0.23130025414121314,1.076089861794449,0.10173253103337697,0.8067011647081099,0.99507858210252,
-1.0327346855703055,0.5370131173199523,-0.8539722794640632,0.4485861221429179,-0.9977113902186099,-0.33813835567470885,1.0574935335972588,-0.6045917573217168,1.145457608573784,
-0.2058111373536531,0.3604329398536419,0.3533833080740164,-0.5272594838380915,0.7054244677311606,-0.4747543194373819,-0.11135108231528555,-0.28591271041175587,-0.29462238532994317,
0.12685925560706907,-0.8285402550861809,-0.8539722794640632,0.12330425348258142,-0.9977113902186099,1.207645975047395,-0.03658490219294792,-0.28591271041175587,-0.39200168853314443,
1.5620943795233275,-0.5460119711400844,0.36886222586296613,-0.9454790292585241,0.9779262050031239,-0.08261590493341131,-0.7468636133551554,0.13899268546819193,-1.2325100173655408,
1.9898134561871132,-0.5224679474779097,1.0499346085767545,0.8668056675633505,-0.33348840561819937,-1.9168117147100479,-0.9088570036202203,-0.6652925281617093,-1.085551024762268,
-0.9852103437187736,0.6994668805889579,0.9818273703053757,-0.11368682225566346,-0.38458248135669243,0.42716403392174984,-0.3132197686455977,-0.28591271041175587,0.8296500270526335,
1.1723947763407674,-0.8285402550861809,-0.8539722794640632,-0.34138413031789927,-0.9977113902186099,1.8527769150377982,-0.9587011237017786,-0.28591271041175587,-1.0131539366102125,
0.13446315030331424,-0.8285402550861809,-0.8539722794640632,0.15583244034861454,-0.9977113902186099,1.4909976035922008,-0.032846593186831606,-0.28591271041175587,-0.3898664083969945,
0.14586899234768175,-0.8285402550861809,-0.8539722794640632,0.16977309186262948,-0.9977113902186099,0.8408068130920677,-0.47272095290658406,-0.6045917573217168,-0.39472816640706826,
0.7351708313066753,-0.6048720302955212,1.3285551287778499,-1.3172297362989087,0.8587066949466401,-0.39885656179145207,0.36216805845951944,-0.6045917573217168,-1.0231213186440145,
-0.49095718846284353,-0.8285402550861809,0.9771836949686908,0.6112270564730862,-0.21426889556171547,0.7067207745842596,-0.1661796144049995,0.8067011647081099,0.31789135550042713,
1.0013071456752531,-0.5931000184644338,0.6010459926972123,-1.1778232211587645,1.437772886649562,-0.4494550668887386,0.910453379356662,-0.6652925281617093,-1.0972844487012974,
-0.41967067568554595,1.9673125547970658,-0.8539722794640632,2.121464303824648,-0.9977113902186099,-0.5253528245346684,-2.2172651557611287,0.6549492376081285,0.6682492152553989,
-1.0897638957921434,0.0590694369778057,1.731006991290543,-0.852541352498428,0.3477659375617089,0.42716403392174984,-0.02287776917051907,0.13899268546819193,0.7384352209112667,
0.6401221476036119,-0.8285402550861809,-0.8539722794640632,0.4485861221429179,-0.9977113902186099,1.0432008334812137,0.4618562986226363,-0.6045917573217168,-0.6371737662333005,
-0.9852103437187736,0.6994668805889579,0.9818273703053757,-0.11368682225566346,-0.38458248135669243,0.42716403392174984,-0.3132197686455977,0.13899268546819193,0.8296500270526335,
0.22190793931013253,-0.8285402550861809,0.6939194994309107,0.6344614756631102,0.7054244677311606,-0.18381291512798437,-0.8340908234978825,-0.28591271041175587,-0.34261936370976565,
1.0013071456752531,-0.5931000184644338,0.6010459926972123,-1.1778232211587645,0.9779262050031239,-0.4494550668887386,0.910453379356662,-0.28591271041175587,-1.0972844487012974,
-0.7428362002759618,0.768921750392373,-0.8539722794640632,0.15583244034861454,-0.9977113902186099,1.2987232842225114,-0.15745689339072766,-0.28591271041175587,0.517056142875098,
-0.29895884738265543,1.13503131833919,-0.8539722794640632,0.9829777635134707,-0.9977113902186099,0.05147013357439826,-0.969916050720129,-0.6045917573217168,0.20115632265568176,
0.7351708313066753,-0.6048720302955212,1.3285551287778499,-1.3172297362989087,0.8587066949466401,-0.39885656179145207,0.36216805845951944,0.13899268546819193,-1.0231213186440145,
0.17248262378453963,-0.8285402550861809,1.0004020716521156,1.3547284705538551,0.688393109151663,-1.2059027180931716,-0.5524715450370773,-0.28591271041175587,-0.14244602284825775,
0.2979468862725833,0.8784014604214855,-0.8539722794640632,-0.20197761517775506,0.36479729614120654,0.36012101466784574,-1.0334673038241162,-0.28591271041175587,-0.5781007894727147,
-1.0327346855703055,0.5370131173199523,-0.8539722794640632,0.4485861221429179,-0.9977113902186099,-0.33813835567470885,1.0574935335972588,-0.6652925281617093,1.145457608573784,
0.8872487252315768,0.27567445466981294,-0.8539722794640632,-2.590475907912226,2.987626517383853,-1.5360579638529663,2.749701410366168,0.13899268546819193,-1.314139256667278,
-0.6572923849432046,-0.8285402550861809,0.7001110665464906,-1.0709448928846534,0.4840168061976904,0.43348884705891066,1.6406697385514932,-0.6652925281617093,-0.001739932596889269,
-0.6620448191283578,-0.8285402550861809,1.0777966605968643,-1.0848855443986682,0.3307345789822111,1.415099845946271,0.34347651342893504,-0.6652925281617093,-0.0006157897313653981,
0.9347730670831086,-0.8285402550861809,-0.8539722794640632,2.121464303824648,-0.9977113902186099,-0.5253528245346684,-1.2702268742115188,4.828127232857616,-0.47837650757905437,
-1.1658028427545943,1.3728259573271544,-0.8539722794640632,-0.2949152919378512,0.8757380535261376,0.20832549937598618,0.21263569821484418,-0.28591271041175587,1.1361943040990898,
0.3853916752794016,-0.8285402550861809,0.9353906169385264,0.6344614756631102,0.7735499020491515,-1.9686751824347668,0.5166848307123503,-0.28591271041175587,-0.45188367240769467,
-0.2770976501309507,-0.8285402550861809,-0.8539722794640632,0.15583244034861454,-0.9977113902186099,1.7465200543334953,0.15406885711901247,-0.28591271041175587,-0.04697277027500258,
1.8852599041137434,-0.8285402550861809,-0.8539722794640632,0.4485861221429179,-0.9977113902186099,-0.47222439418251694,-0.7443714073510769,-0.6045917573217168,-1.1153907980426394,
-0.2628403475754912,-0.8285402550861809,-0.8539722794640632,0.7273991524232063,-0.9977113902186099,-0.06996627865908969,1.1347519197236748,4.828127232857616,0.0934315956717228,
0.24091767605074524,-0.8285402550861809,-0.8539722794640632,0.495054960522966,-0.9977113902186099,-0.06996627865908969,0.4992393886838051,-0.28591271041175587,-0.38707804249632566,
-0.6449360560618063,0.32629410554348853,-0.47473879363479454,-0.030042913171577725,0.1433896346077364,1.1696970962244302,0.16902209314348055,-0.49836540835172977,0.3174444324715702,
1.0963558293783164,-0.8285402550861809,-0.8539722794640632,0.12330425348258142,-0.9977113902186099,0.8408068130920677,-0.47272095290658406,-0.28591271041175587,-0.9051921278896681,
-0.9471908702375482,-0.29644532032103244,1.0344556907878049,-0.5644345545421305,0.3988600133002018,1.0862095628139086,0.10920914904561102,-0.49836540835172977,0.5891474407253056,
-1.2988709999388832,-0.8285402550861809,1.2202027042552017,-0.06257110003761085,0.8757380535261376,0.06917961035844825,0.4992393886838051,-0.28591271041175587,1.5864284339236012,
-1.1087736325327562,-0.8285402550861809,1.368800315029119,-0.8618351201744371,-0.9977113902186099,0.4056596692554039,1.6070249574964406,-0.6652925281617093,0.7724879173312587,
-1.184812579495207,1.9496545370504348,-0.8539722794640632,0.4485861221429179,-0.9977113902186099,-0.48234409520197513,0.11543966405580583,-0.6045917573217168,1.505699849342558,
0.24091767605074524,-0.8285402550861809,-0.8539722794640632,0.495054960522966,-0.9977113902186099,-0.06996627865908969,0.4992393886838051,4.828127232857616,-0.38707804249632566,
0.2694322811616643,-0.8285402550861809,-0.8539722794640632,0.4485861221429179,-0.9977113902186099,0.4866172774110621,0.7235379290508179,-0.6652925281617093,-0.4167299633406427,
-0.41396775466336216,-0.8285402550861809,0.6025938844761071,0.2023012787286626,0.1944837103462295,-0.2989245142243115,0.9353754393974413,-0.28591271041175587,0.10807259981119305,
0.1743835974586008,-0.8285402550861809,-0.8539722794640632,0.07683541510253336,-0.9977113902186099,1.2835437326933248,0.2874018783371818,-0.28591271041175587,-0.43590888821481544,
-1.0916648694662046,2.116817105051875,-0.8539722794640632,0.9829777635134707,-0.9977113902186099,0.026170881025754995,-0.9886075957507134,-0.6652925281617093,1.496444173468427,
0.9822974089346403,-0.8285402550861809,-0.8539722794640632,0.16977309186262948,-0.9977113902186099,-0.09526553120773294,-0.11135108231528555,-0.6045917573217168,-0.8506575864214093,
-0.4339279782410055,-0.8285402550861809,-0.8539722794640632,0.541523798903014,-0.9977113902186099,-0.06996627865908969,1.4088945801722461,-0.49836540835172977,0.22881732335933275,
0.4880442536787103,-0.6225300480421522,1.669091320134744,-0.7131348373582838,2.050901795511479,0.284223257021916,-1.4945254145785316,-0.28591271041175587,-0.7921012632428018,
1.6096187213748594,-0.8285402550861809,-0.8539722794640632,-0.8060725141183799,0.926832129264631,0.7143105503488514,-0.3356496226822984,-0.28591271041175587,-1.2241493354388615,
-0.6620448191283578,-0.8285402550861809,1.0777966605968643,-1.0848855443986682,0.3307345789822111,1.415099845946271,0.34347651342893504,-0.49836540835172977,-0.0006157897313653981,
-1.2513466580873513,1.9614265488815221,-0.8539722794640632,-0.38785296869794733,1.0460516393211148,1.207645975047395,-1.2079217241095708,-0.28591271041175587,1.305263505718984,
-0.25333547920518484,-0.8285402550861809,-0.8539722794640632,0.4485861221429179,-0.9977113902186099,-1.0591670533110418,2.1565563813956223,0.6549492376081285,0.008752067481334351,
0.8967535936018832,-0.8285402550861809,-0.8539722794640632,1.4987818695320039,-0.9977113902186099,0.3790954540793282,-0.11882770032751959,-0.49836540835172977,-0.571556789428781,
0.2979468862725833,0.8784014604214855,-0.8539722794640632,-2.5718883725602066,0.36479729614120654,0.3348217621192025,0.6238496888877011,-0.28591271041175587,-1.0970740932050285,
-0.6344807008544694,-0.19520601857368125,1.03290779900891,-1.242879594890832,0.6372990334131697,0.5157114178420013,0.10796304604357178,0.8067011647081099,-0.08324386486711458,
-0.9072704230822617,0.6323664131517598,-0.8539722794640632,0.15583244034861454,-0.9977113902186099,1.3898005933976276,-0.09515174328877962,-0.6045917573217168,0.787099249899357,
-0.08414882221373175,1.312788696988609,-0.8539722794640632,0.15583244034861454,-0.9977113902186099,0.49167712792079044,-0.7182032443082599,-0.6045917573217168,-0.22128239694840662,
0.053671769155710286,0.5899871705598453,0.5994981009183173,0.24412323327070615,0.5691735990951788,-0.8744825097059457,-0.9474861966834283,-0.28591271041175587,-0.30964421553492344,
-0.776103239572034,0.7371373184484372,-0.8539722794640632,0.4485861221429179,-0.9977113902186099,-0.10285530697232621,0.42696541456554593,-0.6045917573217168,0.6682492152553989,
1.495560300931183,1.2551058390162808,-0.8539722794640632,0.16977309186262948,0.8927694121056353,-1.1211502220552174,-0.7979538364387531,0.13899268546819193,-1.0399358023613037,
-1.0916648694662046,2.116817105051875,-0.8539722794640632,0.9829777635134707,-0.9977113902186099,0.026170881025754995,-0.9886075957507134,-0.28591271041175587,1.496444173468427,
-0.45293771498161817,1.0078935905634465,-0.8539722794640632,0.3091796070027737,0.007138765971754807,0.09447886290709151,-0.14873417237645437,-0.28591271041175587,0.18313833251774578,
0.9300206328979554,0.951387933774227,-0.8539722794640632,-1.3218766201369132,1.7102746239215254,2.0336665707605968,-2.080193825536843,-0.6045917573217168,-1.0977658967254653,
0.38349070160534043,-0.8285402550861809,-0.8539722794640632,0.9597433443234467,-0.9977113902186099,0.005931478986840098,0.3497070284391298,-0.28591271041175587,-0.3814395503345956,
0.9537828038237213,-0.8285402550861809,-0.8539722794640632,0.16977309186262948,-0.9977113902186099,0.9293541970123191,-0.4104158028046361,-0.28591271041175587,-0.838573069726003,
-0.4339279782410055,-0.8285402550861809,-0.8539722794640632,0.495054960522966,-0.9977113902186099,-0.06996627865908969,1.4088945801722461,-0.6045917573217168,0.2153212578834094,
-1.1372882376436753,1.6082661939489016,1.8084015802352917,1.5638382432640716,0.7054244677311606,-1.9168117147100479,-1.6689798348639862,-0.28591271041175587,1.8573425574540912,
0.29699639943555245,1.0608676438033395,-0.8539722794640632,-0.22056515052977455,0.6372990334131697,-0.7201570691592212,-0.15496468738664915,-0.28591271041175587,-0.5815935882006706,
-1.1087736325327562,-0.8285402550861809,1.368800315029119,-0.8618351201744371,-0.9977113902186099,0.4056596692554039,1.6070249574964406,0.8067011647081099,0.7724879173312587,
-1.184812579495207,1.9496545370504348,-0.8539722794640632,0.4485861221429179,-0.9977113902186099,-0.48234409520197513,0.11543966405580583,-0.28591271041175587,1.505699849342558,
0.15347288704392695,0.786579768139004,0.8007240321746639,0.8807463190773654,0.02417012455125245,-1.203372792838308,-1.4534040155112464,-0.28591271041175587,-0.2364479775205201,
-1.647699669129126,1.0832344662824056,-0.8539722794640632,0.9829777635134707,-0.9977113902186099,-0.4469251416338737,0.9602974994382204,-0.28591271041175587,3.5954563416829863,
-0.5631941880771717,-0.8285402550861809,0.6428390707273766,0.32312025851678866,-0.23130025414121314,-0.08135094230597886,1.2257174388725185,-0.6652925281617093,0.3216149102558348,
0.9822974089346403,-0.8285402550861809,-0.8539722794640632,0.16977309186262948,-0.9977113902186099,-0.09526553120773294,-0.11135108231528555,-0.49836540835172977,-0.8506575864214093,
0.06032517701492462,1.4316860164825913,-0.8539722794640632,0.4485861221429179,-0.9977113902186099,-0.5253528245346684,-0.6745896392368962,-0.6045917573217168,-0.26603841075785933,
0.04416690078540394,1.5364569217792687,-0.8539722794640632,-1.7493899332333562,0.909800770685133,0.3930100429810823,0.3958128395145719,-0.6652925281617093,-0.7796399896914171,
2.076307758356901,-0.8285402550861809,-0.8539722794640632,0.8203368291833024,-0.4867706328336787,1.9084352706448144,-1.9780133793696477,-0.28591271041175587,-1.115645552807872,
-0.28755300533828765,-0.8285402550861809,0.9771836949686908,0.2859451878127497,0.09229555886924333,0.694071148309938,-0.17739454142334987,-0.49836540835172977,-0.0012492566073237187,
0.5213112929747825,-0.8285402550861809,-0.8539722794640632,-0.02074914549556732,-0.4186451985156879,0.15519706902383476,0.5590523327816747,-0.28591271041175587,-0.6676823888460931,
-0.952893791259732,-0.8285402550861809,1.731006991290543,-0.592315857570159,0.2966718618232157,1.038140982971484,0.07307216198648003,0.13899268546819193,0.5884644044542263,
-1.3083758683091895,1.1727017561986695,1.204723786466252,0.4485861221429179,0.36479729614120654,-2.018008724904621,0.41201217854107786,-0.28591271041175587,1.8573425574540912,
-1.0897638957921434,0.0590694369778057,1.731006991290543,-0.852541352498428,0.3477659375617089,0.42716403392174984,-0.02287776917051907,-0.28591271041175587,0.7384352209112667,
-1.0327346855703055,0.5370131173199523,-0.8539722794640632,0.4485861221429179,-0.9977113902186099,-0.33813835567470885,1.0574935335972588,-0.28591271041175587,1.145457608573784,
0.9537828038237213,-0.8285402550861809,-0.8539722794640632,0.12330425348258142,-0.9977113902186099,0.9293541970123191,-0.4104158028046361,-0.6045917573217168,-0.8469109531090344,
0.46903451693809756,-0.8285402550861809,-0.8539722794640632,0.4485861221429179,-0.9977113902186099,0.05652998408412662,0.6612327789488699,4.752251269307625,-0.5418854851781427,
1.8852599041137434,-0.8285402550861809,-0.8539722794640632,0.4485861221429179,-0.9977113902186099,-0.4747543194373819,-0.634714343171649,-0.28591271041175587,-1.1153907980426394,
0.1743835974586008,-0.8285402550861809,-0.8539722794640632,0.07683541510253336,-0.9977113902186099,1.2835437326933248,0.2874018783371818,-0.6045917573217168,-0.43590888821481544,
-1.2922175920796688,1.2033089869594964,-0.8539722794640632,-0.02074914549556732,-0.4186451985156879,0.15519706902383476,0.5590523327816747,-0.28591271041175587,1.587001329174533,
-0.6458865428988372,0.32629410554348853,-0.47473879363479454,-0.030042913171577725,0.17745235176673185,1.1671671709695652,0.16777599014144132,-0.6652925281617093,0.3187110978021469,
-1.3501972891385374,1.6365190223435113,-0.8539722794640632,0.4485861221429179,-0.9977113902186099,0.9293541970123191,0.4356881355798178,-0.6045917573217168,1.9911946528714648,
1.0013071456752531,-0.5931000184644338,0.6010459926972123,-1.1778232211587645,0.9779262050031239,-0.4494550668887386,0.910453379356662,0.13899268546819193,-1.0972844487012974,
2.312978980777529,-0.8285402550861809,-0.8539722794640632,0.3091796070027737,-0.9977113902186099,1.9160250464094064,-1.9805055853737261,-0.49836540835172977,-1.2427936561353565,
-0.41967067568554595,1.9673125547970658,-0.8539722794640632,2.121464303824648,-0.9977113902186099,-0.5253528245346684,-2.2172651557611287,-0.28591271041175587,0.6682492152553989,
1.9898134561871132,-0.5224679474779097,1.0499346085767545,1.2850252129837831,-0.33348840561819937,-1.15783413825075,-0.9088570036202203,0.13899268546819193,-1.0271688596484974,
-1.2903166184056074,1.8849084719794544,-0.8539722794640632,0.9365089251334227,-0.4186451985156879,-1.8535635833384396,1.244408983903103,-0.28591271041175587,2.03125895615274,
0.9347730670831086,0.2898008688671178,-0.8539722794640632,2.121464303824648,-0.9977113902186099,-0.5253528245346684,-2.2172651557611287,-0.28591271041175587,-0.47837650757905437,
0.9537828038237213,-0.8285402550861809,-0.8539722794640632,0.12330425348258142,-0.9977113902186099,0.9293541970123191,-0.4104158028046361,-0.28591271041175587,-0.8469109531090344,
-1.2608515264576576,1.9496545370504348,-0.8539722794640632,-0.2949152919378512,1.216365225116092,-1.600571057852007,1.508582820335363,-0.28591271041175587,1.372812672090291,
-0.6620448191283578,-0.8285402550861809,1.0777966605968643,-1.0848855443986682,0.3307345789822111,1.415099845946271,0.34347651342893504,0.8067011647081099,-0.0006157897313653981,
1.0288712639491413,1.396369980989329,-0.8539722794640632,-1.6936273271772977,2.7491874972708854,-0.3647025708507831,-0.20107049846209127,0.13899268546819193,-1.19757037950024,
0.30079834678367534,0.8784014604214855,-0.8539722794640632,-0.178743195987731,0.36479729614120654,0.3588560520404133,-1.0372056128302325,-0.28591271041175587,-0.5747521136051442,
-0.49095718846284353,-0.8285402550861809,0.9771836949686908,0.6112270564730862,-0.21426889556171547,0.7067207745842596,-0.1661796144049995,0.13899268546819193,0.31789135550042713,
0.5735880690114674,-0.38120380550486144,-0.8539722794640632,2.121464303824648,-0.9977113902186099,-0.5253528245346684,-1.2702268742115188,0.6549492376081285,-0.26603841075785933,
1.9898134561871132,-0.5224679474779097,1.0499346085767545,0.8668056675633505,-0.33348840561819937,-1.9168117147100479,-0.9088570036202203,0.13899268546819193,-1.085551024762268,
1.5620943795233275,-0.5460119711400844,0.36886222586296613,-0.9454790292585241,0.9779262050031239,-0.08261590493341131,-0.7468636133551554,-0.6652925281617093,-1.2325100173655408,
-0.9481413570745788,2.3828645724344497,-0.8539722794640632,0.15583244034861454,-0.9977113902186099,0.49167712792079044,-0.7182032443082599,-0.28591271041175587,0.862190124578507,
-0.6620448191283578,-0.8285402550861809,1.0777966605968643,-1.0848855443986682,0.3307345789822111,1.415099845946271,0.34347651342893504,-0.28591271041175587,-0.0006157897313653981,
-1.2703563948279641,1.2315618153541061,-0.8539722794640632,-0.5272594838380915,-0.6570842186286557,0.3348217621192025,0.6986158690100387,-0.28591271041175587,1.2906293936407678,
-0.30941420258999236,-0.8285402550861809,0.6753447980841709,-1.1267074989407118,1.1823025079570966,0.18049632157247802,1.4587387002538046,0.8067011647081099,-0.3679027325970113,
0.6401221476036119,-0.8285402550861809,-0.8539722794640632,0.4485861221429179,-0.9977113902186099,0.9293541970123191,0.4244732085614675,-0.28591271041175587,-0.6371737662333005,
-0.6477875165728982,-0.8285402550861809,1.842455199370981,-1.0755917767226593,0.9949575635826216,0.8863454676796244,-0.0004479151338183483,-0.28591271041175587,-0.01441527963016705,
-0.8683004627640054,-0.8285402550861809,1.0839882277124442,-0.7317223727103033,0.688393109151663,1.3341422377906114,0.335999895416701,0.8067011647081099,0.39898263866637734,
-1.1372882376436753,1.4093191940035252,1.438455445079393,-0.16480254447371606,2.2041840227269587,-1.7131527316934692,-0.38050933075570126,-0.28591271041175587,1.1259557795144206,
0.6496270159739181,-0.8285402550861809,-0.8539722794640632,0.9597433443234467,-0.9977113902186099,0.005931478986840098,0.03818127792938971,0.13899268546819193,-0.5420779366254129,
-0.9291316203339661,0.6147083954051287,-0.8539722794640632,0.9829777635134707,-0.9977113902186099,-0.18128298987311947,0.3497070284391298,-0.6045917573217168,1.1351159149219674,
-0.7570935028314213,-0.69904812494422,1.3285551287778499,1.099149859463591,-0.7081782943671489,-0.39885656179145207,0.36216805845951944,-0.28591271041175587,0.8587227951761939,
0.35307512282036024,1.673012259019882,-0.8539722794640632,-1.2382327110528275,1.437772886649562,-1.5360579638529663,1.3515738420784538,0.13899268546819193,-0.8338496640203087,
0.6401221476036119,-0.8285402550861809,-0.8539722794640632,0.4485861221429179,-0.9977113902186099,0.9293541970123191,0.4244732085614675,-0.6652925281617093,-0.6371737662333005,
0.8777438568612705,1.3987243833555465,-0.8539722794640632,-0.569081438380135,0.7224558263106583,-0.5999856195531658,-0.1898555714437395,0.6701244303181266,-0.9408080045332345,
0.5735880690114674,-0.38120380550486144,-0.8539722794640632,2.121464303824648,-0.9977113902186099,-0.5253528245346684,-1.2702268742115188,2.0207165815079606,-0.26603841075785933,
0.2694322811616643,-0.8285402550861809,-0.8539722794640632,0.4485861221429179,-0.9977113902186099,0.4866172774110621,0.7235379290508179,-0.6045917573217168,-0.4167299633406427,
0.5450734639005483,-0.8285402550861809,-0.8539722794640632,0.6809303140431583,-0.9977113902186099,-0.06996627865908969,0.11294745805172733,-0.28591271041175587,-0.5385076500416937,
-0.473848425396292,-0.8285402550861809,1.0282641236722248,-0.38785296869794733,0.1433896346077364,1.0482606839909436,0.08179488300075333,-0.6652925281617093,0.0014453005095649417,
0.5469744375746095,-0.8285402550861809,-0.8539722794640632,0.15583244034861454,-0.9977113902186099,1.2101759003022599,-0.21976204349267567,-0.6045917573217168,-0.6457054382403322,
-0.7894100552904629,0.730074111349785,-0.8539722794640632,0.4485861221429179,-0.9977113902186099,0.06158983459385498,0.6674632939590648,-0.28591271041175587,0.6898037773496349,
-0.8644985154158831,-0.8285402550861809,1.087084011270234,-0.9408321454205196,0.3307345789822111,1.4732881268081492,0.39955114852068824,-0.6652925281617093,0.3179748655017991,
-0.6458865428988372,0.32629410554348853,-0.47473879363479454,-0.030042913171577725,0.17745235176673185,1.1671671709695652,0.16777599014144132,0.13899268546819193,0.3187110978021469,
-0.2818500843161039,-0.8285402550861809,-0.8539722794640632,0.16977309186262948,-0.9977113902186099,1.7389302785689036,0.15033054811289615,-0.6045917573217168,-0.03853330702086438,
0.46903451693809756,1.1727017561986695,-0.8539722794640632,0.5879926372830621,0.36479729614120654,-2.0559576037275855,0.37462908847990906,-0.28591271041175587,-0.5130177680876481,
-0.28755300533828765,-0.8285402550861809,0.9771836949686908,0.2859451878127497,0.09229555886924333,0.694071148309938,-0.17739454142334987,0.8067011647081099,-0.0012492566073237187,
-0.006208901577219814,-0.8285402550861809,-0.8539722794640632,0.16977309186262948,-0.9977113902186099,1.650382894648652,0.025720247909000106,-0.6045917573217168,-0.28115144256007957,
-0.6572923849432046,-0.8285402550861809,0.7001110665464906,-1.0709448928846534,0.4840168061976904,0.43348884705891066,1.6406697385514932,0.13899268546819193,-0.001739932596889269,
-0.9471908702375482,-0.29644532032103244,1.0344556907878049,-0.5644345545421305,0.3988600133002018,1.0862095628139086,0.10920914904561102,-0.28591271041175587,0.5891474407253056,
-1.1087736325327562,-0.8285402550861809,1.368800315029119,-0.8618351201744371,-0.9977113902186099,0.4056596692554039,1.6070249574964406,0.13899268546819193,0.7724879173312587,
0.7693883574397784,1.396369980989329,-0.8539722794640632,-0.8107193979563845,0.9779262050031239,-0.3647025708507831,-0.20107049846209127,0.13899268546819193,-0.9409409385748126,
0.02230570353369923,-0.6519600776198706,1.3285551287778499,-0.15550877679770697,-0.060986668346236075,-1.6638191892236152,0.36216805845951944,-0.6652925281617093,-0.3819271607835113,
0.1335126634662834,-0.8285402550861809,0.6258122611595317,-0.5040250646480675,0.518079523356686,-0.23314645759783845,1.087400005646195,-0.28591271041175587,-0.5421425643856896,
-1.0983182773254192,-0.8285402550861809,1.6737349954714291,-0.27168087274782715,-0.23130025414121314,1.076089861794449,0.10173253103337697,-0.28591271041175587,0.99507858210252,
-1.080259027421837,-0.33293855699740327,1.681474454365904,-2.8135263321364565,-0.026923951187240634,1.0773548244218827,0.10173253103337697,0.8067011647081099,-0.08024257603931362,
0.7066562261957563,0.5723291528132143,-0.8539722794640632,-1.0384167060186202,0.5351108819361836,1.106448964852822,-1.4322202644765836,-0.28591271041175587,-0.9579265914111915,
-0.3312753998416968,-0.8285402550861809,1.0824403359335488,-1.8144463069654224,1.0460516393211148,1.4328093227303194,0.3609219554574802,-0.28591271041175587,-0.5400646823848878,
0.06983004538523097,0.7453777267301983,-0.8539722794640632,0.5833457534450576,-0.060986668346236075,-0.6252848721018089,-0.1474880693744151,-0.28591271041175587,-0.24142482514017743,
-0.6610943322913272,-0.8285402550861809,1.0282641236722248,-0.09509928690364397,-0.026923951187240634,1.0634402355201273,0.09176370701706445,-0.6652925281617093,0.31811660807838477,
0.02230570353369923,0.5805695610949755,-0.8539722794640632,-0.6527253474642207,0.22854642750522494,-0.03960717560071806,0.2774330543208707,-0.28591271041175587,-0.5019280922616867,
-0.8683004627640054,-0.8285402550861809,1.0839882277124442,-0.7317223727103033,0.688393109151663,1.3341422377906114,0.335999895416701,-0.49836540835172977,0.39898263866637734,
-1.2608515264576576,0.555848336249692,0.5654444817826279,0.025719692884480748,0.21151506892572713,-0.2546508222641858,0.10422473703745405,-0.28591271041175587,1.520309269546624,
0.46903451693809756,-0.8285402550861809,-0.8539722794640632,0.4485861221429179,-0.9977113902186099,0.6510624189772433,0.6113886588673115,-0.6045917573217168,-0.5418854851781427,
-1.2218815661394018,0.8784014604214855,0.8951454306872573,-0.178743195987731,0.36479729614120654,-1.3450486071107095,0.6487717489284803,-0.28591271041175587,1.3240701980305152,
1.9898134561871132,-0.5224679474779097,1.0499346085767545,1.2850252129837831,-0.33348840561819937,-1.15783413825075,-0.9088570036202203,-0.6045917573217168,-1.0271688596484974,
0.5450734639005483,-0.8285402550861809,-0.8539722794640632,0.12330425348258142,-0.9977113902186099,1.0937993385785003,-0.223500352498792,-0.28591271041175587,-0.6512535421591422,
0.30079834678367534,0.8784014604214855,-0.8539722794640632,-0.178743195987731,0.36479729614120654,-1.3450486071107095,0.6487717489284803,-0.28591271041175587,-0.5747521136051442,
-1.0251307908740601,0.2709656499373781,1.621106674989,-0.4668499939440285,0.6543303919926674,0.4258990712943188,-0.31571197464967476,-0.49836540835172977,0.7681629641508954,
0.14776996602174292,-0.8285402550861809,0.9648005607375311,-0.35067789799390836,0.6202676748336722,0.6232332411737351,-0.22973086750898677,-0.28591271041175587,-0.5161000994773013,
-0.2789986238050119,-0.8285402550861809,0.6753447980841709,-1.6750397918252782,1.4207415280700642,0.18049632157247802,1.4587387002538046,0.8067011647081099,-0.5425071575107827,
0.9347730670831086,0.2898008688671178,-0.8539722794640632,2.121464303824648,-0.9977113902186099,-0.5253528245346684,-2.2172651557611287,0.6549492376081285,-0.47837650757905437,
0.8017049098988197,1.3728259573271544,-0.8539722794640632,0.4160579352768848,0.12635827602823863,-1.8877175742791086,-0.18736336543966242,-0.28591271041175587,-0.7246538903675714,
1.8377355622622116,-0.8285402550861809,-0.8539722794640632,2.121464303824648,-0.9977113902186099,-0.5253528245346684,-2.2172651557611287,3.3864839254077927,-0.8605850818572055,
-0.5384815303143753,-0.8285402550861809,-0.8539722794640632,-0.06257110003761085,-0.9977113902186099,1.7642295311175467,0.7609210191119867,-0.28591271041175587,0.1727936560059438,
-1.3340390129090165,1.6671262531043383,-0.8539722794640632,0.9829777635134707,-0.9977113902186099,-0.021897698816668063,-0.2920360176109348,-0.6045917573217168,2.1977146659466653,
0.12685925560706907,-0.8285402550861809,-0.8539722794640632,0.12330425348258142,-0.9977113902186099,1.207645975047395,-0.03658490219294792,-0.6045917573217168,-0.39200168853314443,
0.9347730670831086,-0.8285402550861809,-0.8539722794640632,2.121464303824648,-0.9977113902186099,-0.5253528245346684,-1.2702268742115188,3.3864839254077927,-0.47837650757905437,
-0.6610943322913272,-0.8285402550861809,1.0282641236722248,-0.09509928690364397,-0.026923951187240634,1.0634402355201273,0.09176370701706445,-0.28591271041175587,0.31811660807838477,
1.1248704344892355,-0.8285402550861809,-0.8539722794640632,0.21624193024267757,-0.9977113902186099,0.6510624189772433,-0.3356496226822984,-0.28591271041175587,-0.9003984750111794,
-0.04422837505844521,-0.8285402550861809,-0.8539722794640632,0.4021172837628698,-0.9977113902186099,-0.06996627865908969,1.0475247095809477,0.6549492376081285,-0.19321487574697996,
-0.6477875165728982,-0.8285402550861809,1.842455199370981,-1.0755917767226593,0.9949575635826216,0.8863454676796244,-0.0004479151338183483,-0.6652925281617093,-0.01441527963016705,
-0.6458865428988372,-0.8285402550861809,1.8501946582654558,-1.2800546655948697,0.739487184890156,1.0115767677954097,0.05562671995793487,0.13899268546819193,-0.08221740976618332,
-0.28755300533828765,-0.8285402550861809,0.9771836949686908,0.2859451878127497,-0.009892592607742988,0.694071148309938,-0.17739454142334987,0.8067011647081099,-0.0012492566073237187,
0.35307512282036024,1.673012259019882,-0.8539722794640632,-1.2382327110528275,1.437772886649562,-1.5360579638529663,1.3515738420784538,-0.28591271041175587,-0.8338496640203087,
0.5469744375746095,-0.8285402550861809,-0.8539722794640632,0.15583244034861454,-0.9977113902186099,1.2101759003022599,-0.21976204349267567,-0.28591271041175587,-0.6457054382403322,
-1.0859619484440208,0.7006440817720665,1.136616548194873,-0.3181497111278752,0.3307345789822111,0.4145144076474282,-0.31571197464967476,-0.28591271041175587,0.9497684339441447,
1.0013071456752531,-0.5931000184644338,0.6010459926972123,-1.1778232211587645,1.3696474523315711,-0.4494550668887386,0.910453379356662,0.13899268546819193,-1.0972844487012974,
0.9300206328979554,0.951387933774227,-0.8539722794640632,-1.3218766201369132,1.7102746239215254,2.0336665707605968,-2.080193825536843,-0.6652925281617093,-1.0977658967254653,
-0.053733243428751555,0.5370131173199523,0.5391303215414133,-0.10903993841765891,0.5351108819361836,-1.3096296535426095,-0.04904593221333752,-0.28591271041175587,-0.3121988665885538,
-0.28755300533828765,-0.8285402550861809,0.9771836949686908,0.2859451878127497,-0.009892592607742988,0.694071148309938,-0.17739454142334987,-0.49836540835172977,-0.0012492566073237187,
0.9822974089346403,-0.8285402550861809,-0.8539722794640632,0.16977309186262948,-0.9977113902186099,-0.09526553120773294,-0.11135108231528555,-0.6652925281617093,-0.8506575864214093,
0.5450734639005483,-0.8285402550861809,-0.8539722794640632,0.6809303140431583,-0.9977113902186099,-0.06996627865908969,0.11294745805172733,-0.6045917573217168,-0.5385076500416937,
0.9822974089346403,-0.8285402550861809,-0.8539722794640632,0.16977309186262948,-0.9977113902186099,-0.09526553120773294,-0.11135108231528555,-0.28591271041175587,-0.8506575864214093,
0.1363641239773754,-0.8285402550861809,0.797628248616874,1.8147699705163314,0.7905812606286492,-1.9522306682781478,0.08054877999871408,-0.28591271041175587,-0.00707201564822617,
-1.3501972891385374,1.6365190223435113,-0.8539722794640632,0.4485861221429179,-0.9977113902186099,0.9293541970123191,0.4356881355798178,-0.28591271041175587,1.9911946528714648,
0.5346181086932111,1.396369980989329,-0.8539722794640632,-0.3460310141559038,0.6202676748336722,-0.3647025708507831,-0.20107049846209127,0.13899268546819193,-0.7407984940618332,
-0.28755300533828765,-0.8285402550861809,0.9771836949686908,0.2859451878127497,0.09229555886924333,0.694071148309938,-0.17739454142334987,0.13899268546819193,-0.0012492566073237187,
2.312978980777529,-0.8285402550861809,-0.8539722794640632,0.3091796070027737,-0.9977113902186099,1.9160250464094064,-1.9805055853737261,2.0207165815079606,-1.2427936561353565,
-1.2057232899098809,1.3304467147352401,-0.8539722794640632,0.508995612036981,0.5521422405156813,0.9344140475220489,-0.9375173726671158,-0.28591271041175587,1.5878048570318382,
-1.0279822513851522,-0.23876246234870444,1.8316199569187164,-0.815366281794389,0.10932691744874097,0.41324944501999716,0.2687103333065974,0.8067011647081099,0.6359395567189179,
0.1335126634662834,-0.8285402550861809,0.6258122611595317,-0.5040250646480675,0.518079523356686,-0.23314645759783845,1.087400005646195,-0.49836540835172977,-0.5421425643856896,
-0.4130172678263316,1.040855223690491,-0.8539722794640632,0.15583244034861454,-0.9977113902186099,0.8483965888566596,-0.46898264390046773,-0.6045917573217168,0.09365269783723815,
0.02230570353369923,-0.6519600776198706,1.3285551287778499,-0.15550877679770697,-0.060986668346236075,-1.6638191892236152,0.36216805845951944,-0.28591271041175587,-0.3819271607835113,
0.46903451693809756,-0.8285402550861809,-0.8539722794640632,0.4485861221429179,-0.9977113902186099,0.6510624189772433,0.6113886588673115,0.6549492376081285,-0.5418854851781427,
1.5620943795233275,-0.5460119711400844,0.36886222586296613,-0.9454790292585241,0.7565185434696539,-0.08261590493341131,-0.7468636133551554,-0.28591271041175587,-1.2325100173655408,
0.2124030709398262,0.8195414012660488,-0.8539722794640632,1.4709005665039754,0.02417012455125245,-0.9933889966845687,-0.6222533131512593,-0.28591271041175587,-0.1472967118775856,
0.6496270159739181,-0.8285402550861809,-0.8539722794640632,0.9597433443234467,-0.9977113902186099,0.005931478986840098,0.03818127792938971,2.0207165815079606,-0.5420779366254129,
-1.2266340003245548,1.9814389689943706,-0.8539722794640632,0.8203368291833024,0.07526420028974554,0.35759108941298084,-1.0970185569281035,-0.28591271041175587,1.7849861941860568,
-1.3939196836419465,-0.8285402550861809,1.7155280735015932,-0.10903993841765891,0.7054244677311606,-0.1585136625793411,0.41201217854107786,-0.28591271041175587,1.8573425574540912,
2.0753572715198705,-0.8285402550861809,-0.8539722794640632,0.8203368291833024,-0.9977113902186099,1.9160250464094064,-1.9805055853737261,2.0207165815079606,-1.1153907980426394,
-1.1087736325327562,-0.8285402550861809,1.368800315029119,-0.8618351201744371,-0.9977113902186099,0.4056596692554039,1.6070249574964406,-0.28591271041175587,0.7724879173312587,
0.9585352380088745,-0.8285402550861809,-0.8539722794640632,0.15583244034861454,-0.9977113902186099,0.9394738980317758,-0.40667749379851975,-0.28591271041175587,-0.843098415060166,
0.2950954257614913,-0.8285402550861809,-0.8539722794640632,-0.19733073133975051,0.36479729614120654,0.3310268742369066,0.6263418948917796,-0.28591271041175587,-0.5753444648098399,
-0.28755300533828765,-0.8285402550861809,0.9771836949686908,0.2859451878127497,-0.009892592607742988,0.694071148309938,-0.17739454142334987,0.13899268546819193,-0.0012492566073237187,
-0.2789986238050119,-0.8285402550861809,0.6753447980841709,-1.6750397918252782,1.4207415280700642,0.18049632157247802,1.4587387002538046,0.13899268546819193,-0.5425071575107827,
1.0013071456752531,-0.5931000184644338,0.6010459926972123,-1.1778232211587645,1.3696474523315711,-0.4494550668887386,0.910453379356662,-0.28591271041175587,-1.0972844487012974,
-1.2323369213467388,-0.8285402550861809,0.8796665128983076,0.07683541510253336,0.36479729614120654,0.23362475192462945,0.5490835087653635,-0.28591271041175587,1.4661934317308374,
-1.1087736325327562,0.6841632652085442,1.190792760456197,-0.3367372464798947,0.3818286547207042,0.4081895945102674,-0.31571197464967476,-0.6652925281617093,0.9906170531566681,
-1.2228320529764323,0.8784014604214855,0.8951454306872573,-0.20197761517775506,0.36479729614120654,0.36012101466784574,-1.0334673038241162,-0.28591271041175587,1.316088585164771,
0.02230570353369923,-0.6519600776198706,1.3285551287778499,-0.15550877679770697,-0.060986668346236075,-1.6638191892236152,0.36216805845951944,0.13899268546819193,-0.3819271607835113,
-0.41967067568554595,1.9673125547970658,-0.8539722794640632,2.121464303824648,-0.9977113902186099,-0.5253528245346684,-2.2172651557611287,3.3864839254077927,0.6682492152553989,
-0.8264790419346577,-0.8285402550861809,0.7016589583253855,-0.5644345545421305,0.27964050324371803,0.3095225095705592,1.618239884514791,0.8067011647081099,0.39485982588129953,
-0.6477875165728982,-0.8285402550861809,1.842455199370981,-1.0755917767226593,0.9949575635826216,0.8863454676796244,-0.0004479151338183483,0.8067011647081099,-0.01441527963016705,
0.2694322811616643,-0.8285402550861809,-0.8539722794640632,0.4485861221429179,-0.9977113902186099,-0.04466702611044642,0.9727585294586101,-0.6045917573217168,-0.4167299633406427,
-0.9291316203339661,0.6147083954051287,-0.8539722794640632,0.9829777635134707,-0.9977113902186099,-0.18128298987311947,0.3497070284391298,0.6549492376081285,1.1351159149219674,
1.3862543146726602,-0.26936969310953157,-0.8539722794640632,2.121464303824648,-0.9977113902186099,-0.5253528245346684,-2.2172651557611287,2.0207165815079606,-0.6907146044002493,
0.24091767605074524,-0.8285402550861809,-0.8539722794640632,0.495054960522966,-0.9977113902186099,-0.06996627865908969,0.4992393886838051,0.6549492376081285,-0.38707804249632566,
-1.2846136973834237,0.5205323007564299,0.5282950790891484,0.908627622105394,0.5010481647771883,-1.4361259162858258,0.7173074140406231,-0.28591271041175587,2.0001091276717555,
0.8872487252315768,0.27567445466981294,-0.8539722794640632,-2.590475907912226,2.987626517383853,-1.5360579638529663,2.749701410366168,-0.28591271041175587,-1.314139256667278,
0.8872487252315768,0.27567445466981294,-0.8539722794640632,-2.590475907912226,2.987626517383853,-1.5360579638529663,2.749701410366168,0.6701244303181266,-1.314139256667278,
0.7693883574397784,1.396369980989329,-0.8539722794640632,-0.8107193979563845,0.9779262050031239,-0.3647025708507831,-0.20107049846209127,-0.28591271041175587,-0.9409409385748126,
-0.8683004627640054,-0.8285402550861809,1.0839882277124442,-0.7317223727103033,0.688393109151663,1.3341422377906114,0.335999895416701,-0.28591271041175587,0.39898263866637734,
0.6401221476036119,-0.8285402550861809,-0.8539722794640632,0.4485861221429179,-0.9977113902186099,0.9293541970123191,0.4356881355798178,-0.6652925281617093,-0.6371737662333005,
0.4880442536787103,-0.8285402550861809,-0.8539722794640632,0.4485861221429179,-0.9977113902186099,-0.5354725255541252,0.8805469073077272,-0.6652925281617093,-0.5529817848405553,
-1.184812579495207,1.9496545370504348,-0.8539722794640632,0.4485861221429179,-0.9977113902186099,-0.48234409520197513,0.11543966405580583,-0.6652925281617093,1.505699849342558,
0.46903451693809756,-0.8285402550861809,-0.8539722794640632,0.4485861221429179,-0.9977113902186099,0.05652998408412662,0.6612327789488699,-0.28591271041175587,-0.5418854851781427,
1.1419791975557871,0.2862692653177916,-0.8539722794640632,-1.6239240696072257,0.9438634878441285,-0.33813835567470885,0.9989266925014285,-0.6045917573217168,-1.2209785325993214,
-0.0632381117990579,-0.8285402550861809,-0.8539722794640632,0.03036657672248529,-0.9977113902186099,1.447988874259506,0.44939526860224666,-0.6045917573217168,-0.26989910342733564,
-1.7075803398620562,0.9725775550701844,-0.8539722794640632,0.4485861221429179,-0.9977113902186099,-1.0945860068791418,2.119173291334454,0.6549492376081285,3.6060092371580494,
0.6496270159739181,-0.8285402550861809,-0.8539722794640632,0.9597433443234467,-0.9977113902186099,0.005931478986840098,0.03818127792938971,-0.28591271041175587,-0.5420779366254129,
1.0165149350677434,0.31452209371240114,-0.8539722794640632,-1.136001266616721,1.0630829979006124,-1.5360579638529663,1.9160585020021037,0.13899268546819193,-1.0952279679533394,
2.3728596515104585,-0.8285402550861809,-0.8539722794640632,-1.8841495645354946,3.8051317291997426,-1.5360579638529663,1.5173055413496364,0.13899268546819193,-1.539347607957798,
-1.0583978301701324,1.0020075846479028,-0.8539722794640632,0.15583244034861454,-0.9977113902186099,0.6713018210161568,-0.5935929441043638,-0.28591271041175587,1.0836738018607166,
0.30745175464288965,0.8819330639708118,0.8982412142450472,-0.16015566063571152,0.36479729614120654,-1.3210143171894986,-1.0185140677996483,-0.28591271041175587,-0.574740134321157,
0.15727483439204926,-0.8285402550861809,0.8022719239535588,1.2710845614697681,0.8927694121056353,-1.1881932413091216,-0.3456184466986095,-0.28591271041175587,-0.14961561119291827,
-0.6458865428988372,-0.8285402550861809,1.8501946582654558,-1.2800546655948697,0.739487184890156,1.0115767677954097,0.05562671995793487,-0.49836540835172977,-0.08221740976618332,
-0.5384815303143753,-0.8285402550861809,-0.8539722794640632,-0.06257110003761085,-0.9977113902186099,1.7642295311175467,0.7609210191119867,-0.6045917573217168,0.1727936560059438,
-0.6620448191283578,0.8348450166464625,-0.8539722794640632,0.9829777635134707,-0.9977113902186099,-0.001658296777753168,-0.2733444725803504,-0.28591271041175587,0.6679487368165007,
1.1419791975557871,0.2862692653177916,-0.8539722794640632,-1.6239240696072257,0.9438634878441285,-0.33813835567470885,0.9989266925014285,0.13899268546819193,-1.2209785325993214,
-0.7570935028314213,-0.69904812494422,1.3285551287778499,1.099149859463591,-0.7081782943671489,-0.39885656179145207,0.36216805845951944,-0.6045917573217168,0.8587227951761939,
-1.241841789717045,-0.8285402550861809,1.9941485937026886,-0.7131348373582838,1.0460516393211148,0.22097512565030783,0.0007981878682208955,-0.28591271041175587,1.133143088163261,
0.39964897783486114,2.500584690745323,-0.8539722794640632,0.06754164742652427,0.7565185434696539,-0.39000182339942635,-1.396083277417454,-0.6045917573217168,-0.5809049120682501,
0.08313686110365964,-0.8285402550861809,0.6350996118329016,-0.6620191151402312,0.6032363162541745,-0.1559837373244762,1.1596739797644542,-0.49836540835172977,-0.5457192717568504,
0.22475939982122456,1.5670641525400957,-0.8539722794640632,0.9829777635134707,-0.9977113902186099,-0.10285530697232621,-1.7562070450067133,-0.6045917573217168,-0.2663861639462335,
0.24091767605074524,-0.8285402550861809,-0.8539722794640632,0.495054960522966,-0.9977113902186099,-0.06996627865908969,0.4992393886838051,-0.6652925281617093,-0.38707804249632566,
-0.49380864897393556,-0.8285402550861809,0.9756358031897959,0.5972864049590711,0.041201483130750095,0.6902762604276391,-0.17864064442538913,-0.6652925281617093,0.31726737545970307,
0.5165588587896293,-0.8285402550861809,-0.8539722794640632,-0.016102261657562778,-0.4867706328336787,0.15772699427869966,0.5615445387857531,-0.28591271041175587,-0.6641723422976001,
-1.3872662757827323,1.5670641525400957,-0.8539722794640632,0.15583244034861454,-0.9977113902186099,1.2987232842225114,-0.15745689339072766,-0.28591271041175587,1.9692229842979776,
0.9347730670831086,-0.8285402550861809,-0.8539722794640632,2.121464303824648,-0.9977113902186099,-0.5253528245346684,-1.2702268742115188,0.6549492376081285,-0.47837650757905437,
0.9300206328979554,0.951387933774227,-0.8539722794640632,-1.3218766201369132,1.7102746239215254,2.0336665707605968,-2.080193825536843,0.6701244303181266,-1.0977658967254653,
-0.41491824150039275,-0.8285402550861809,-0.8539722794640632,0.16977309186262948,-0.9977113902186099,1.8401272887634765,0.21263569821484418,-0.28591271041175587,0.09975410897613227,
-0.25333547920518484,-0.8285402550861809,-0.8539722794640632,0.4485861221429179,-0.9977113902186099,-1.0591670533110418,2.1565563813956223,-0.28591271041175587,0.008752067481334351,
1.8377355622622116,-0.8285402550861809,-0.8539722794640632,2.121464303824648,-0.9977113902186099,-0.5253528245346684,-2.2172651557611287,2.0207165815079606,-0.8605850818572055,
-1.3083758683091895,-0.6519600776198706,2.164416689381136,-0.2949152919378512,0.02417012455125245,0.6004639138799568,-0.7842467034163242,-0.28591271041175587,1.5034457294187666,
0.08313686110365964,-0.8285402550861809,0.6350996118329016,-0.6620191151402312,0.6032363162541745,-0.1559837373244762,1.1596739797644542,0.8067011647081099,-0.5457192717568504,
-0.3008598210567166,-0.8285402550861809,0.6273601529384268,0.43929235446690884,-0.09504938550523151,-0.31157414049863313,1.0624779456054159,0.13899268546819193,0.054167439248502904,
0.39964897783486114,2.500584690745323,-0.8539722794640632,0.06754164742652427,0.7565185434696539,-0.39000182339942635,-1.396083277417454,-0.28591271041175587,-0.5809049120682501,
-0.14878192713181504,0.5134690936577775,-0.8539722794640632,2.121464303824648,-0.9977113902186099,-0.5253528245346684,-1.2702268742115188,3.3864839254077927,0.34064186587412654,
2.122881613371402,-0.8285402550861809,0.07476278787292114,0.5879926372830621,-0.9977113902186099,0.7143105503488514,-1.7686680750271029,-0.28591271041175587,-1.159540303322294,
-0.8521421865344848,2.5617991522669774,-0.8539722794640632,0.4485861221429179,-0.9977113902186099,-0.5531820023381766,-0.6957733902715577,-0.28591271041175587,0.795652073348116,
-0.45483868865567934,-0.8285402550861809,0.610333343370582,0.7227522685852018,-0.21426889556171547,-0.33560843041984395,1.0001727955034678,0.8067011647081099,0.3065842156140975,
-0.8711519232750975,1.4081419928204164,-0.8539722794640632,2.121464303824648,-0.9977113902186099,-0.5253528245346684,-1.2702268742115188,3.3864839254077927,1.4326663638117012,
0.7693883574397784,1.396369980989329,-0.8539722794640632,-0.8107193979563845,0.9779262050031239,-0.3647025708507831,-0.20107049846209127,0.6701244303181266,-0.9409409385748126,
-0.41491824150039275,-0.8285402550861809,-0.8539722794640632,0.16977309186262948,-0.9977113902186099,1.8401272887634765,0.21263569821484418,-0.6045917573217168,0.09975410897613227,
0.2694322811616643,-0.8285402550861809,-0.8539722794640632,0.4485861221429179,-0.9977113902186099,-0.04466702611044642,0.9727585294586101,0.6549492376081285,-0.4167299633406427,
1.3624921437468942,0.42282460255840487,-0.8539722794640632,-1.3404641554889327,1.8124627753985114,-1.5360579638529663,1.4350627432150647,-0.6652925281617093,-1.2390465132502766,
-0.8521421865344848,2.5617991522669774,-0.8539722794640632,0.4485861221429179,-0.9977113902186099,-0.5531820023381766,-0.6957733902715577,0.6549492376081285,0.795652073348116,
0.1363641239773754,-0.8285402550861809,-0.8539722794640632,0.16977309186262948,-0.9977113902186099,1.4732881268081492,-0.03658490219294792,-0.6045917573217168,-0.38798934474300495,
-0.8264790419346577,-0.8285402550861809,0.7016589583253855,-0.5644345545421305,0.27964050324371803,0.3095225095705592,1.618239884514791,-0.6652925281617093,0.39485982588129953,
0.3445207412870842,-0.8285402550861809,1.1041108208380785,1.2710845614697681,-0.026923951187240634,-1.429801103148665,-0.44032227485357084,-0.28591271041175587,-0.28841439768302435,
-0.19725675582037763,0.3545469339380982,0.35802698341070127,0.848218132211331,0.4669854476181927,-1.3792025980513785,-0.13004262734586994,-0.28591271041175587,0.05950869053948874,
2.455552006332124,-0.8285402550861809,-0.8539722794640632,-0.9454790292585241,-0.5719274257311672,0.8408068130920677,-1.1954606940891812,-0.28591271041175587,-1.433897943274432,
-0.49380864897393556,-0.8285402550861809,0.9756358031897959,0.5972864049590711,0.041201483130750095,0.6902762604276391,-0.17864064442538913,0.13899268546819193,0.31726737545970307,
-1.0897638957921434,1.3728259573271544,2.164416689381136,0.12330425348258142,0.1944837103462295,-0.9554401178616039,-1.6939018949047653,-0.28591271041175587,1.1389531879692092,
0.35307512282036024,1.673012259019882,-0.8539722794640632,-1.2382327110528275,1.437772886649562,-1.5360579638529663,1.3515738420784538,-0.6045917573217168,-0.8338496640203087,
0.08313686110365964,-0.8285402550861809,0.6350996118329016,-0.6620191151402312,0.6032363162541745,-0.1559837373244762,1.1596739797644542,-0.28591271041175587,-0.5457192717568504,
-0.04422837505844521,-0.8285402550861809,-0.8539722794640632,0.4021172837628698,-0.9977113902186099,-0.06996627865908969,1.0475247095809477,4.752251269307625,-0.19321487574697996,
0.9347730670831086,0.2898008688671178,-0.8539722794640632,2.121464303824648,-0.9977113902186099,-0.5253528245346684,-2.2172651557611287,3.3864839254077927,-0.47837650757905437,
2.227435165444772,-0.8285402550861809,-0.8539722794640632,-0.9454790292585241,0.3988600133002018,-2.182453866470802,0.37462908847990906,-0.28591271041175587,-1.3894550858002284,
-1.3473458286274453,0.7324285137160023,0.7449999281344447,0.8342774806973174,0.26260914466422036,-0.7277468449238145,-0.23097697051102603,-0.28591271041175587,2.1707651235268357,
-1.1658028427545943,0.9254895077458349,0.9415821840541064,-0.34138413031789927,1.556992396706046,-0.25971067277391413,-0.6471753731920385,-0.28591271041175587,1.1161624081725614,
-0.45483868865567934,-0.8285402550861809,0.610333343370582,0.7227522685852018,-0.21426889556171547,-0.33560843041984395,1.0001727955034678,-0.49836540835172977,0.3065842156140975,
-0.5631941880771717,-0.8285402550861809,0.6428390707273766,0.32312025851678866,-0.23130025414121314,-0.08135094230597886,1.2257174388725185,0.8067011647081099,0.3216149102558348,
,,,,,,,,,50.94
,,,,,,,,,41.68
,,,,,,,,,6.47
,,,,,,,,,31.72
,,,,,,,,,52.42
,,,,,,,,,35.87
,,,,,,,,,24.99
,,,,,,,,,11.41
,,,,,,,,,48.79
,,,,,,,,,54.77
,,,,,,,,,32.84
,,,,,,,,,48.72
,,,,,,,,,10.34
,,,,,,,,,56.74
,,,,,,,,,44.42
,,,,,,,,,27.42
,,,,,,,,,22.84
,,,,,,,,,17.82
,,,,,,,,,44.61
,,,,,,,,,33.19
,,,,,,,,,22.72
,,,,,,,,,39.3
,,,,,,,,,74.99
,,,,,,,,,43.01
,,,,,,,,,47.71
,,,,,,,,,35.76
,,,,,,,,,18.13
,,,,,,,,,30.22
,,,,,,,,,25.2
,,,,,,,,,55.55
,,,,,,,,,61.99
,,,,,,,,,53.72
,,,,,,,,,74.19
,,,,,,,,,12.37
,,,,,,,,,40.57
,,,,,,,,,38.6
,,,,,,,,,17.22
,,,,,,,,,30.12
,,,,,,,,,51.43
,,,,,,,,,47.13
,,,,,,,,,40.39
,,,,,,,,,13.33
,,,,,,,,,18.28
,,,,,,,,,29.22
,,,,,,,,,22.35
,,,,,,,,,17.96
,,,,,,,,,36.59
,,,,,,,,,43.38
,,,,,,,,,26.26
,,,,,,,,,45.94
,,,,,,,,,37.26
,,,,,,,,,22.9
,,,,,,,,,12.45
,,,,,,,,,19.01
,,,,,,,,,45.71
,,,,,,,,,33.72
,,,,,,,,,39.58
,,,,,,,,,45.85
,,,,,,,,,8.49
,,,,,,,,,66.0
,,,,,,,,,35.17
,,,,,,,,,20.42
,,,,,,,,,52.2
,,,,,,,,,32.96
,,,,,,,,,33.8
,,,,,,,,,17.54
,,,,,,,,,29.65
,,,,,,,,,39.59
,,,,,,,,,37.17
,,,,,,,,,33.21
,,,,,,,,,29.39
,,,,,,,,,38.07
,,,,,,,,,50.7
,,,,,,,,,36.3
,,,,,,,,,45.3
,,,,,,,,,24.1
,,,,,,,,,24.89
,,,,,,,,,55.26
,,,,,,,,,55.16
,,,,,,,,,36.84
,,,,,,,,,12.18
,,,,,,,,,64.3
,,,,,,,,,25.42
,,,,,,,,,39.44
,,,,,,,,,44.28
,,,,,,,,,50.95
,,,,,,,,,6.81
,,,,,,,,,37.36
,,,,,,,,,25.61
,,,,,,,,,37.81
,,,,,,,,,30.57
,,,,,,,,,31.74
,,,,,,,,,15.82
,,,,,,,,,24.48
,,,,,,,,,47.78
,,,,,,,,,46.93
,,,,,,,,,10.35
,,,,,,,,,33.08
,,,,,,,,,65.91
,,,,,,,,,54.9
,,,,,,,,,20.92
,,,,,,,,,47.71
,,,,,,,,,35.3
,,,,,,,,,25.56
,,,,,,,,,10.22
,,,,,,,,,26.4
,,,,,,,,,33.8
,,,,,,,,,15.75
,,,,,,,,,22.53
,,,,,,,,,38.46
,,,,,,,,,44.33
,,,,,,,,,35.96
,,,,,,,,,27.66
,,,,,,,,,36.35
,,,,,,,,,35.86
,,,,,,,,,51.96
,,,,,,,,,34.9
,,,,,,,,,15.52
,,,,,,,,,24.45
,,,,,,,,,59.3
,,,,,,,,,24.66
,,,,,,,,,25.18
,,,,,,,,,23.69
,,,,,,,,,44.3
,,,,,,,,,66.6
,,,,,,,,,13.66
,,,,,,,,,42.29
,,,,,,,,,64.9
,,,,,,,,,24.29
,,,,,,,,,54.9
,,,,,,,,,26.05
,,,,,,,,,42.23
,,,,,,,,,10.73
,,,,,,,,,21.16
,,,,,,,,,14.14
,,,,,,,,,12.55
,,,,,,,,,31.12
,,,,,,,,,25.12
,,,,,,,,,56.81
,,,,,,,,,36.45
,,,,,,,,,46.39
,,,,,,,,,9.74
,,,,,,,,,9.74
,,,,,,,,,28.99
,,,,,,,,,7.84
,,,,,,,,,23.35
,,,,,,,,,21.95
,,,,,,,,,21.78
,,,,,,,,,19.2
,,,,,,,,,19.01
,,,,,,,,,27.04
,,,,,,,,,31.35
,,,,,,,,,41.05
,,,,,,,,,21.07
,,,,,,,,,45.3
,,,,,,,,,50.24
,,,,,,,,,26.77
,,,,,,,,,40.2
,,,,,,,,,39.06
,,,,,,,,,52.04
,,,,,,,,,52.2
,,,,,,,,,42.7
,,,,,,,,,55.6
,,,,,,,,,36.8
,,,,,,,,,36.3
,,,,,,,,,64.9
,,,,,,,,,33.69
,,,,,,,,,54.6
,,,,,,,,,12.25
,,,,,,,,,15.36
,,,,,,,,,21.6
,,,,,,,,,42.33
,,,,,,,,,26.32
,,,,,,,,,23.74
,,,,,,,,,37.91
,,,,,,,,,29.72
,,,,,,,,,7.51
,,,,,,,,,44.14
,,,,,,,,,55.55
,,,,,,,,,14.94
,,,,,,,,,24.54
,,,,,,,,,35.23
,,,,,,,,,32.63
,,,,,,,,,33.36
,,,,,,,,,32.77
,,,,,,,,,43.39
,,,,,,,,,28.3
,,,,,,,,,35.1
,,,,,,,,,45.37
,,,,,,,,,4.9
,,,,,,,,,58.61
,,,,,,,,,10.09
,,,,,,,,,29.75
,,,,,,,,,8.2
,,,,,,,,,68.1
,,,,,,,,,23.14
,,,,,,,,,25.69
,,,,,,,,,40.23
,,,,,,,,,66.7
,,,,,,,,,13.29
,,,,,,,,,20.08
